taxon,total_dec2025,total_sep2026,total_change,withCoords_dec2025,withCoords_sep2026,withCoords_change,gbif_dec2025,gbif_sep2026,gbif_change,gbifCoords_dec2025,gbifCoords_sep2026,gbifCoords_change,G_dec2025,G_sep2026,H_dec2025,H_sep2026
Vitis cinerea,5341,4459,-882,2172,1786,-386,5060,4178,-882,2041,1655,-386,320,274,5021,4185
Vitis berlandieri,736,1357,621,359,626,267,564,1185,621,289,556,267,163,207,573,1150
Vitis riparia,17551,17900,349,13200,13361,161,17128,17477,349,13130,13291,161,428,460,17123,17440
Vitis aestivalis,12877,12556,-321,5618,5557,-61,12746,12425,-321,5612,5551,-61,136,127,12741,12429
Vitis munsoniana,22,265,243,18,110,92,22,265,243,18,110,92,0,0,22,265
Vitis rotundifolia,27551,27309,-242,23084,22992,-92,27472,27230,-242,23076,22984,-92,82,83,27469,27226
Vitis vulpina,7674,7851,177,2546,2564,18,7579,7737,158,2540,2557,17,89,114,7585,7737
Vitis lincecumii,168,332,164,71,88,17,165,329,164,71,88,17,3,10,165,322
Vitis baileyana,531,654,123,105,153,48,528,651,123,105,153,48,3,5,528,649
Vitis labrusca,5346,5236,-110,2223,2151,-72,4891,4781,-110,2185,2113,-72,464,464,4882,4772
Vitis simpsonii,913,1008,95,392,448,56,904,999,95,392,448,56,9,9,904,999
Vitis tiliifolia,2294,2207,-87,1375,1352,-23,2261,2174,-87,1365,1342,-23,30,30,2264,2177
Vitis x champinii,126,192,66,33,38,5,73,139,66,10,15,5,56,56,70,136
Vitis rufotomentosa,2,42,40,0,20,20,0,40,40,0,20,20,2,2,0,40
Vitis shuttleworthii,978,942,-36,666,666,0,970,934,-36,666,666,0,8,8,970,934
Vitis x novae-angliae,277,300,23,81,86,5,275,298,23,81,86,5,2,2,275,298
Vitis popenoei,216,194,-22,115,112,-3,211,189,-22,114,111,-3,3,3,213,191
Vitis x doaniana,106,118,12,50,53,3,54,66,12,20,23,3,55,55,51,63
Vitis cinerea var. tomentosa,11,0,-11,11,0,-11,11,0,-11,11,0,-11,0,0,11,0
Vitis aestivalis var. bicolor,1412,1421,9,555,557,2,1392,1401,9,555,557,2,6,6,1406,1415
Vitis cinerea var. cinerea,619,611,-8,181,181,0,616,608,-8,181,181,0,13,13,606,598
Vitis acerifolia,855,852,-3,391,389,-2,678,675,-3,328,326,-2,176,176,679,676
Vitis martineziana,12,14,2,12,14,2,0,2,2,0,2,2,0,0,12,14
Vitis aestivalis var. aestivalis,1569,1568,-1,392,392,0,1560,1559,-1,392,392,0,18,18,1551,1550
Vitis mustangensis,9404,9405,1,8412,8412,0,9253,9254,1,8360,8360,0,158,158,9246,9247
Vitis arizonica,4307,4307,0,2762,2762,0,3969,3969,0,2468,2468,0,341,341,3966,3966
Vitis biformis,81,81,0,34,34,0,67,67,0,32,32,0,14,14,67,67
Vitis blancoi,190,190,0,59,59,0,186,186,0,57,57,0,4,4,186,186
Vitis bloodworthiana,141,141,0,86,86,0,91,91,0,54,54,0,50,50,91,91
Vitis bourgaeana,672,672,0,380,380,0,672,672,0,380,380,0,0,0,672,672
Vitis californica,3220,3220,0,2154,2154,0,3139,3139,0,2101,2101,0,87,87,3133,3133
Vitis girdiana,2518,2518,0,1992,1992,0,2375,2375,0,1864,1864,0,141,141,2377,2377
Vitis jaegeriana,38,38,0,16,16,0,38,38,0,16,16,0,0,0,38,38
Vitis monticola,1107,1107,0,469,469,0,1051,1051,0,455,455,0,60,60,1047,1047
Vitis nesbittiana,106,106,0,59,59,0,96,96,0,58,58,0,10,10,96,96
Vitis novogranatensis,1,1,0,0,0,0,0,0,0,0,0,0,0,0,1,1
Vitis palmata,1097,1097,0,245,245,0,1060,1060,0,245,245,0,44,44,1053,1053
Vitis peninsularis,131,131,0,113,113,0,131,131,0,113,113,0,0,0,131,131
Vitis rubriflora,4,4,0,4,4,0,0,0,0,0,0,0,0,0,4,4
Vitis rupestris,1254,1254,0,260,260,0,1086,1086,0,210,210,0,191,191,1063,1063
