taxon,databaseSource,dec2025,sep2026,change
Vitis acerifolia,GBIF,678,675,-3
Vitis aestivalis,GBIF,12746,12363,-383
Vitis aestivalis var. aestivalis,GBIF,1560,1559,-1
Vitis aestivalis var. bicolor,GBIF,1392,1401,9
Vitis arizonica,GBIF,3969,3965,-4
Vitis baileyana,GBIF,528,650,122
Vitis berlandieri,GBIF,564,1185,621
Vitis californica,GBIF,3139,3142,3
Vitis cinerea,GBIF,5060,4165,-895
Vitis cinerea,Huerta-Acosta publication,91,90,-1
Vitis cinerea var. cinerea,GBIF,616,608,-8
Vitis cinerea var. tomentosa,GBIF,11,0,-11
Vitis labrusca,GBIF,4891,4782,-109
Vitis labrusca,genesys,384,383,-1
Vitis lincecumii,GBIF,165,329,164
Vitis martineziana,GBIF,0,2,2
Vitis munsoniana,GBIF,22,265,243
Vitis palmata,GBIF,1060,1064,4
Vitis popenoei,GBIF,211,189,-22
Vitis riparia,GBIF,17128,17098,-30
Vitis riparia,USDA_NPGS_GRINGlobal,164,163,-1
Vitis riparia,wiews,34,33,-1
Vitis rotundifolia,GBIF,27472,27218,-254
Vitis rufotomentosa,GBIF,0,40,40
Vitis rupestris,GBIF,1086,1065,-21
Vitis shuttleworthii,GBIF,970,929,-41
Vitis simpsonii,GBIF,904,999,95
Vitis tiliifolia,GBIF,2261,2174,-87
Vitis vulpina,GBIF,7579,7663,84
Vitis vulpina,genesys,6,23,17
Vitis vulpina,wiews,9,11,2
Vitis x champinii,GBIF,73,139,66
Vitis x doaniana,GBIF,54,66,12
Vitis x novae-angliae,GBIF,275,298,23
