ts,run,rssMB
2026-09-17T03:22:34,run09172026_exp_thin,30
2026-09-17T03:22:44,run09172026_exp_thin,1045
2026-09-17T03:22:54,run09172026_exp_thin,1254
2026-09-17T03:23:05,run09172026_exp_thin,1707
2026-09-17T03:23:15,run09172026_exp_thin,16096
2026-09-17T03:23:25,run09172026_exp_thin,8361
2026-09-17T03:23:35,run09172026_exp_thin,1957
2026-09-17T03:23:45,run09172026_exp_thin,1986
2026-09-17T03:23:55,run09172026_exp_thin,2873
2026-09-17T03:24:05,run09172026_exp_thin,3026
2026-09-17T03:24:15,run09172026_exp_thin,3547
2026-09-17T03:24:25,run09172026_exp_thin,4208
2026-09-17T03:24:35,run09172026_exp_thin,3833
2026-09-17T03:24:45,run09172026_exp_thin,3833
2026-09-17T03:24:55,run09172026_exp_thin,3833
2026-09-17T03:25:05,run09172026_exp_thin,34212
2026-09-17T03:25:15,run09172026_exp_thin,18869
2026-09-17T03:25:25,run09172026_exp_thin,4254
2026-09-17T03:25:35,run09172026_exp_thin,4082
2026-09-17T03:25:45,run09172026_exp_thin,4082
2026-09-17T03:25:55,run09172026_exp_thin,4791
2026-09-17T03:26:05,run09172026_exp_thin,4402
2026-09-17T03:26:15,run09172026_exp_thin,4721
2026-09-17T03:26:25,run09172026_exp_thin,5461
2026-09-17T03:26:36,run09172026_exp_thin,5010
2026-09-17T03:26:46,run09172026_exp_thin,5310
2026-09-17T03:26:56,run09172026_exp_thin,6538
2026-09-17T03:27:06,run09172026_exp_thin,6365
2026-09-17T03:27:16,run09172026_exp_thin,6365
2026-09-17T03:27:26,run09172026_exp_thin,56697
2026-09-17T03:27:36,run09172026_exp_thin,50410
2026-09-17T03:27:46,run09172026_exp_thin,7331
2026-09-17T03:27:56,run09172026_exp_thin,6333
2026-09-17T03:28:06,run09172026_exp_thin,6481
2026-09-17T03:28:16,run09172026_exp_thin,6309
2026-09-17T03:28:26,run09172026_exp_thin,6952
2026-09-17T03:28:36,run09172026_exp_thin,6345
2026-09-17T03:28:46,run09172026_exp_thin,7130
2026-09-17T03:28:56,run09172026_exp_thin,6345
2026-09-17T03:29:06,run09172026_exp_thin,6536
2026-09-17T03:29:16,run09172026_exp_thin,6537
2026-09-17T03:29:26,run09172026_exp_thin,6537
2026-09-17T03:29:36,run09172026_exp_thin,6537
2026-09-17T03:29:46,run09172026_exp_thin,58242
2026-09-17T03:29:56,run09172026_exp_thin,58247
2026-09-17T03:30:07,run09172026_exp_thin,6537
2026-09-17T03:30:17,run09172026_exp_thin,9987
2026-09-17T03:30:27,run09172026_exp_thin,6520
2026-09-17T03:30:37,run09172026_exp_thin,6520
2026-09-17T03:30:47,run09172026_exp_thin,6623
2026-09-17T03:30:57,run09172026_exp_thin,8835
2026-09-17T03:31:07,run09172026_exp_thin,8777
2026-09-17T03:31:17,run09172026_exp_thin,9080
2026-09-17T03:31:27,run09172026_exp_thin,9647
2026-09-17T03:31:37,run09172026_exp_thin,9650
2026-09-17T03:31:47,run09172026_exp_thin,7145
2026-09-17T03:31:57,run09172026_exp_thin,7918
2026-09-17T03:32:07,run09172026_exp_thin,9395
2026-09-17T03:32:17,run09172026_exp_thin,8295
2026-09-17T03:32:27,run09172026_exp_thin,8029
2026-09-17T03:32:37,run09172026_exp_thin,9183
2026-09-17T03:32:47,run09172026_exp_thin,10027
2026-09-17T03:32:57,run09172026_exp_thin,11906
2026-09-17T03:33:07,run09172026_exp_thin,8821
2026-09-17T03:33:17,run09172026_exp_thin,8772
2026-09-17T03:33:27,run09172026_exp_thin,8704
2026-09-17T03:33:37,run09172026_exp_thin,8704
2026-09-17T03:33:48,run09172026_exp_thin,77744
2026-09-17T03:33:58,run09172026_exp_thin,83331
2026-09-17T03:34:08,run09172026_exp_thin,8704
2026-09-17T03:34:18,run09172026_exp_thin,12426
2026-09-17T03:34:28,run09172026_exp_thin,9153
2026-09-17T03:34:38,run09172026_exp_thin,9153
2026-09-17T03:34:48,run09172026_exp_thin,9153
2026-09-17T03:34:58,run09172026_exp_thin,9275
2026-09-17T03:35:08,run09172026_exp_thin,9153
2026-09-17T03:35:18,run09172026_exp_thin,11085
2026-09-17T03:35:28,run09172026_exp_thin,9153
2026-09-17T03:35:38,run09172026_exp_thin,9765
2026-09-17T03:35:48,run09172026_exp_thin,10186
2026-09-17T03:35:58,run09172026_exp_thin,10127
2026-09-17T03:36:08,run09172026_exp_thin,10833
2026-09-17T03:36:18,run09172026_exp_thin,10119
2026-09-17T03:36:28,run09172026_exp_thin,10307
2026-09-17T03:36:38,run09172026_exp_thin,10641
2026-09-17T03:36:48,run09172026_exp_thin,12802
2026-09-17T03:36:58,run09172026_exp_thin,13878
2026-09-17T03:37:08,run09172026_exp_thin,12261
2026-09-17T03:37:19,run09172026_exp_thin,12261
2026-09-17T03:37:29,run09172026_exp_thin,12261
2026-09-17T03:37:39,run09172026_exp_thin,109757
2026-09-17T03:37:49,run09172026_exp_thin,109760
2026-09-17T03:37:59,run09172026_exp_thin,109762
2026-09-17T03:38:09,run09172026_exp_thin,61012
2026-09-17T03:38:19,run09172026_exp_thin,13489
2026-09-17T03:38:29,run09172026_exp_thin,13489
2026-09-17T03:38:39,run09172026_exp_thin,13489
2026-09-17T03:38:49,run09172026_exp_thin,13489
2026-09-17T03:38:59,run09172026_exp_thin,13489
2026-09-17T03:39:09,run09172026_exp_thin,13489
2026-09-17T03:39:19,run09172026_exp_thin,15402
2026-09-17T03:39:29,run09172026_exp_thin,14234
2026-09-17T03:39:39,run09172026_exp_thin,14670
2026-09-17T03:39:49,run09172026_exp_thin,13006
2026-09-17T03:39:59,run09172026_exp_thin,15882
2026-09-17T03:40:09,run09172026_exp_thin,14234
2026-09-17T03:40:19,run09172026_exp_thin,18421
2026-09-17T03:40:29,run09172026_exp_thin,13006
2026-09-17T03:40:40,run09172026_exp_thin,17918
2026-09-17T03:40:50,run09172026_exp_thin,14234
2026-09-17T03:41:00,run09172026_exp_thin,17918
2026-09-17T03:41:10,run09172026_exp_thin,13576
2026-09-17T03:41:20,run09172026_exp_thin,16690
2026-09-17T03:41:30,run09172026_exp_thin,14265
2026-09-17T03:41:40,run09172026_exp_thin,14234
2026-09-17T03:41:50,run09172026_exp_thin,14931
2026-09-17T03:42:00,run09172026_exp_thin,15462
2026-09-17T03:42:10,run09172026_exp_thin,16078
2026-09-17T03:42:20,run09172026_exp_thin,16690
2026-09-17T03:42:30,run09172026_exp_thin,15101
2026-09-17T03:42:40,run09172026_exp_thin,19352
2026-09-17T03:42:50,run09172026_exp_thin,21113
2026-09-17T03:43:00,run09172026_exp_thin,21796
2026-09-17T03:43:10,run09172026_exp_thin,24591
2026-09-17T03:43:20,run09172026_exp_thin,24759
2026-09-17T03:43:30,run09172026_exp_thin,16677
2026-09-17T03:43:40,run09172026_exp_thin,17696
2026-09-17T03:43:50,run09172026_exp_thin,15785
2026-09-17T03:44:00,run09172026_exp_thin,15914
2026-09-17T03:44:10,run09172026_exp_thin,15257
2026-09-17T03:44:21,run09172026_exp_thin,15257
2026-09-17T03:44:31,run09172026_exp_thin,15257
2026-09-17T03:44:41,run09172026_exp_thin,15257
2026-09-17T03:44:51,run09172026_exp_thin,45623
2026-09-17T03:45:01,run09172026_exp_thin,136721
2026-09-17T03:45:11,run09172026_exp_thin,136725
2026-09-17T03:45:21,run09172026_exp_thin,75991
2026-09-17T03:45:31,run09172026_exp_thin,15257
2026-09-17T03:45:41,run09172026_exp_thin,18732
2026-09-17T03:45:51,run09172026_exp_thin,18163
2026-09-17T03:46:01,run09172026_exp_thin,17110
2026-09-17T03:46:11,run09172026_exp_thin,17110
2026-09-17T03:46:21,run09172026_exp_thin,17110
2026-09-17T03:46:31,run09172026_exp_thin,17110
2026-09-17T03:46:41,run09172026_exp_thin,17110
2026-09-17T03:46:51,run09172026_exp_thin,15882
2026-09-17T03:47:02,run09172026_exp_thin,15882
2026-09-17T03:47:12,run09172026_exp_thin,15882
2026-09-17T03:47:22,run09172026_exp_thin,15882
2026-09-17T03:47:32,run09172026_exp_thin,15882
2026-09-17T03:47:42,run09172026_exp_thin,15882
2026-09-17T03:47:52,run09172026_exp_thin,23293
2026-09-17T03:48:02,run09172026_exp_thin,17830
2026-09-17T03:48:12,run09172026_exp_thin,17587
2026-09-17T03:48:22,run09172026_exp_thin,22294
2026-09-17T03:48:32,run09172026_exp_thin,20382
2026-09-17T03:48:42,run09172026_exp_thin,20137
2026-09-17T03:48:52,run09172026_exp_thin,19046
2026-09-17T03:49:02,run09172026_exp_thin,24385
2026-09-17T03:49:12,run09172026_exp_thin,20498
2026-09-17T03:49:22,run09172026_exp_thin,21700
2026-09-17T03:49:32,run09172026_exp_thin,18323
2026-09-17T03:49:42,run09172026_exp_thin,24736
2026-09-17T03:49:52,run09172026_exp_thin,20106
2026-09-17T03:50:02,run09172026_exp_thin,22394
2026-09-17T03:50:12,run09172026_exp_thin,16849
2026-09-17T03:50:22,run09172026_exp_thin,23018
2026-09-17T03:50:33,run09172026_exp_thin,21314
2026-09-17T03:50:43,run09172026_exp_thin,21314
2026-09-17T03:50:53,run09172026_exp_thin,21314
2026-09-17T03:51:03,run09172026_exp_thin,21314
2026-09-17T03:51:13,run09172026_exp_thin,16396
2026-09-17T03:51:23,run09172026_exp_thin,16396
2026-09-17T03:51:33,run09172026_exp_thin,16396
2026-09-17T03:51:43,run09172026_exp_thin,16396
2026-09-17T03:51:2026-09-17T04:08:37,run09172026_exp_fullcorr,30
2026-09-17T04:08:47,run09172026_exp_fullcorr,1045
2026-09-17T04:08:57,run09172026_exp_fullcorr,1272
2026-09-17T04:09:07,run09172026_exp_fullcorr,1709
2026-09-17T04:09:17,run09172026_exp_fullcorr,16354
2026-09-17T04:09:27,run09172026_exp_fullcorr,8364
2026-09-17T04:09:37,run09172026_exp_fullcorr,2098
2026-09-17T04:09:47,run09172026_exp_fullcorr,2103
2026-09-17T04:09:57,run09172026_exp_fullcorr,2567
2026-09-17T04:10:08,run09172026_exp_fullcorr,3615
2026-09-17T04:10:18,run09172026_exp_fullcorr,3796
2026-09-17T04:10:28,run09172026_exp_fullcorr,3797
2026-09-17T04:10:38,run09172026_exp_fullcorr,3797
2026-09-17T04:10:48,run09172026_exp_fullcorr,34343
2026-09-17T04:10:58,run09172026_exp_fullcorr,19915
2026-09-17T04:11:08,run09172026_exp_fullcorr,5525
2026-09-17T04:11:18,run09172026_exp_fullcorr,3961
2026-09-17T04:11:28,run09172026_exp_fullcorr,4283
2026-09-17T04:11:38,run09172026_exp_fullcorr,4341
2026-09-17T04:11:48,run09172026_exp_fullcorr,4478
2026-09-17T04:11:58,run09172026_exp_fullcorr,4143
2026-09-17T04:12:08,run09172026_exp_fullcorr,5901
2026-09-17T04:12:18,run09172026_exp_fullcorr,6274
2026-09-17T04:12:28,run09172026_exp_fullcorr,6274
2026-09-17T04:12:38,run09172026_exp_fullcorr,6274
2026-09-17T04:12:48,run09172026_exp_fullcorr,55874
2026-09-17T04:12:58,run09172026_exp_fullcorr,31076
2026-09-17T04:13:08,run09172026_exp_fullcorr,6235
2026-09-17T04:13:18,run09172026_exp_fullcorr,6100
2026-09-17T04:13:28,run09172026_exp_fullcorr,6100
2026-09-17T04:13:39,run09172026_exp_fullcorr,6250
2026-09-17T04:13:49,run09172026_exp_fullcorr,6100
2026-09-17T04:13:59,run09172026_exp_fullcorr,6100
2026-09-17T04:14:09,run09172026_exp_fullcorr,5747
2026-09-17T04:14:19,run09172026_exp_fullcorr,5747
2026-09-17T04:14:29,run09172026_exp_fullcorr,51128
2026-09-17T04:14:39,run09172026_exp_fullcorr,51132
2026-09-17T04:14:49,run09172026_exp_fullcorr,28439
2026-09-17T04:14:59,run09172026_exp_fullcorr,7114
2026-09-17T04:15:09,run09172026_exp_fullcorr,6149
2026-09-17T04:15:19,run09172026_exp_fullcorr,6149
2026-09-17T04:15:29,run09172026_exp_fullcorr,6149
2026-09-17T04:15:39,run09172026_exp_fullcorr,6952
2026-09-17T04:15:49,run09172026_exp_fullcorr,6268
2026-09-17T04:15:59,run09172026_exp_fullcorr,7399
2026-09-17T04:16:09,run09172026_exp_fullcorr,7800
2026-09-17T04:16:19,run09172026_exp_fullcorr,6371
2026-09-17T04:16:29,run09172026_exp_fullcorr,7764
2026-09-17T04:16:39,run09172026_exp_fullcorr,7442
2026-09-17T04:16:49,run09172026_exp_fullcorr,7756
2026-09-17T04:16:59,run09172026_exp_fullcorr,10409
2026-09-17T04:17:10,run09172026_exp_fullcorr,11821
2026-09-17T04:17:20,run09172026_exp_fullcorr,8689
2026-09-17T04:17:30,run09172026_exp_fullcorr,8221
2026-09-17T04:17:40,run09172026_exp_fullcorr,8266
2026-09-17T04:17:50,run09172026_exp_fullcorr,8266
2026-09-17T04:18:00,run09172026_exp_fullcorr,24650
2026-09-17T04:18:10,run09172026_exp_fullcorr,81427
2026-09-17T04:18:20,run09172026_exp_fullcorr,42466
2026-09-17T04:18:30,run09172026_exp_fullcorr,9807
2026-09-17T04:18:40,run09172026_exp_fullcorr,8556
2026-09-17T04:18:50,run09172026_exp_fullcorr,8556
2026-09-17T04:19:00,run09172026_exp_fullcorr,8556
2026-09-17T04:19:10,run09172026_exp_fullcorr,8155
2026-09-17T04:19:20,run09172026_exp_fullcorr,8155
2026-09-17T04:19:30,run09172026_exp_fullcorr,8155
2026-09-17T04:19:40,run09172026_exp_fullcorr,8155
2026-09-17T04:19:50,run09172026_exp_fullcorr,8155
2026-09-17T04:20:01,run09172026_exp_fullcorr,10233
2026-09-17T04:20:11,run09172026_exp_fullcorr,8573
2026-09-17T04:20:21,run09172026_exp_fullcorr,9753
2026-09-17T04:20:31,run09172026_exp_fullcorr,9060
2026-09-17T04:20:41,run09172026_exp_fullcorr,8230
2026-09-17T04:20:51,run09172026_exp_fullcorr,9362
2026-09-17T04:21:01,run09172026_exp_fullcorr,8467
2026-09-17T04:21:11,run09172026_exp_fullcorr,11214
2026-09-17T04:21:21,run09172026_exp_fullcorr,12350
2026-09-17T04:21:31,run09172026_exp_fullcorr,10768
2026-09-17T04:21:41,run09172026_exp_fullcorr,10768
2026-09-17T04:21:51,run09172026_exp_fullcorr,10768
2026-09-17T04:22:01,run09172026_exp_fullcorr,53545
2026-09-17T04:22:11,run09172026_exp_fullcorr,96322
2026-09-17T04:22:21,run09172026_exp_fullcorr,96326
2026-09-17T04:22:31,run09172026_exp_fullcorr,53547
2026-09-17T04:22:41,run09172026_exp_fullcorr,10887
2026-09-17T04:22:51,run09172026_exp_fullcorr,11855
2026-09-17T04:23:01,run09172026_exp_fullcorr,11855
2026-09-17T04:23:12,run09172026_exp_fullcorr,11855
2026-09-17T04:23:22,run09172026_exp_fullcorr,11855
2026-09-17T04:23:32,run09172026_exp_fullcorr,11553
2026-09-17T04:23:42,run09172026_exp_fullcorr,11553
2026-09-17T04:23:52,run09172026_exp_fullcorr,12669
2026-09-17T04:24:02,run09172026_exp_fullcorr,14902
2026-09-17T04:24:12,run09172026_exp_fullcorr,14705
2026-09-17T04:24:22,run09172026_exp_fullcorr,16018
2026-09-17T04:24:32,run09172026_exp_fullcorr,16181
2026-09-17T04:24:42,run09172026_exp_fullcorr,13048
2026-09-17T04:24:52,run09172026_exp_fullcorr,16799
2026-09-17T04:25:02,run09172026_exp_fullcorr,11553
2026-09-17T04:25:12,run09172026_exp_fullcorr,17296
2026-09-17T04:25:22,run09172026_exp_fullcorr,15949
2026-09-17T04:25:32,run09172026_exp_fullcorr,16147
2026-09-17T04:25:42,run09172026_exp_fullcorr,15140
2026-09-17T04:25:52,run09172026_exp_fullcorr,18743
2026-09-17T04:26:02,run09172026_exp_fullcorr,12652
2026-09-17T04:26:12,run09172026_exp_fullcorr,16060
2026-09-17T04:26:22,run09172026_exp_fullcorr,14842
2026-09-17T04:26:32,run09172026_exp_fullcorr,19409
2026-09-17T04:26:43,run09172026_exp_fullcorr,15087
2026-09-17T04:26:53,run09172026_exp_fullcorr,16060
2026-09-17T04:27:03,run09172026_exp_fullcorr,17566
2026-09-17T04:27:13,run09172026_exp_fullcorr,24307
2026-09-17T04:27:23,run09172026_exp_fullcorr,24773
2026-09-17T04:27:33,run09172026_exp_fullcorr,18028
2026-09-17T04:27:43,run09172026_exp_fullcorr,18040
2026-09-17T04:27:53,run09172026_exp_fullcorr,21105
2026-09-17T04:28:03,run09172026_exp_fullcorr,17355
2026-09-17T04:28:13,run09172026_exp_fullcorr,16146
2026-09-17T04:28:23,run09172026_exp_fullcorr,16146
2026-09-17T04:28:33,run09172026_exp_fullcorr,15846
2026-09-17T04:28:43,run09172026_exp_fullcorr,15846
2026-09-17T04:28:53,run09172026_exp_fullcorr,15846
2026-09-17T04:29:03,run09172026_exp_fullcorr,15846
2026-09-17T04:29:13,run09172026_exp_fullcorr,15846
2026-09-17T04:29:23,run09172026_exp_fullcorr,142021
2026-09-17T04:29:33,run09172026_exp_fullcorr,142025
2026-09-17T04:29:43,run09172026_exp_fullcorr,78936
2026-09-17T04:29:53,run09172026_exp_fullcorr,15846
2026-09-17T04:30:03,run09172026_exp_fullcorr,17081
2026-09-17T04:30:14,run09172026_exp_fullcorr,19142
2026-09-17T04:30:24,run09172026_exp_fullcorr,17072
2026-09-17T04:30:34,run09172026_exp_fullcorr,17072
2026-09-17T04:30:44,run09172026_exp_fullcorr,17072
2026-09-17T04:30:54,run09172026_exp_fullcorr,17072
2026-09-17T04:31:04,run09172026_exp_fullcorr,17072
2026-09-17T04:31:14,run09172026_exp_fullcorr,17072
2026-09-17T04:31:24,run09172026_exp_fullcorr,17072
2026-09-17T04:31:34,run09172026_exp_fullcorr,15956
2026-09-17T04:31:44,run09172026_exp_fullcorr,15956
2026-09-17T04:31:54,run09172026_exp_fullcorr,15956
2026-09-17T04:32:04,run09172026_exp_fullcorr,15956
2026-09-17T04:32:14,run09172026_exp_fullcorr,15956
2026-09-17T04:32:24,run09172026_exp_fullcorr,19825
2026-09-17T04:32:34,run09172026_exp_fullcorr,17191
2026-09-17T04:32:44,run09172026_exp_fullcorr,18816
2026-09-17T04:32:54,run09172026_exp_fullcorr,17601
2026-09-17T04:33:04,run09172026_exp_fullcorr,20753
2026-09-17T04:33:14,run09172026_exp_fullcorr,20655
2026-09-17T04:33:24,run09172026_exp_fullcorr,21089
2026-09-17T04:33:34,run09172026_exp_fullcorr,17967
2026-09-17T04:33:45,run09172026_exp_fullcorr,22418
2026-09-17T04:33:55,run09172026_exp_fullcorr,18892
2026-09-17T04:34:05,run09172026_exp_fullcorr,23833
2026-09-17T04:34:15,run09172026_exp_fullcorr,18300
2026-09-17T04:34:25,run09172026_exp_fullcorr,23267
2026-09-17T04:34:35,run09172026_exp_fullcorr,21508
2026-09-17T04:34:45,run09172026_exp_fullcorr,19786
2026-09-17T04:34:55,run09172026_exp_fullcorr,20302
2026-09-17T04:35:05,run09172026_exp_fullcorr,20028
2026-09-17T04:35:15,run09172026_exp_fullcorr,18721
2026-09-17T04:35:25,run09172026_exp_fullcorr,20154
2026-09-17T04:35:35,run09172026_exp_fullcorr,19956
2026-09-17T04:35:45,run09172026_exp_fullcorr,20194
2026-09-17T04:35:55,run09172026_exp_fullcorr,23353
2026-09-17T04:36:05,run09172026_exp_fullcorr,27986
2026-09-17T04:36:15,run09172026_exp_fullcorr,27976
2026-09-17T04:36:25,run09172026_exp_fullcorr,29952
2026-09-17T04:36:35,run09172026_exp_fullcorr,22294
2026-09-17T04:36:45,run09172026_exp_fullcorr,23306
2026-09-17T04:36:55,run09172026_exp_fullcorr,23658
2026-09-17T04:37:05,run09172026_exp_fullcorr,25149
2026-09-17T04:37:15,run09172026_exp_fullcorr,27359
2026-09-17T04:37:26,run09172026_exp_fullcorr,23189
2026-09-17T04:37:36,run09172026_exp_fullcorr,20362
2026-09-17T04:37:46,run09172026_exp_fullcorr,20362
2026-09-17T04:37:56,run09172026_exp_fullcorr,18165
2026-09-17T04:37:57,run09172026_exp_thresh,31
2026-09-17T04:38:07,run09172026_exp_thresh,1045
2026-09-17T04:38:17,run09172026_exp_thresh,1353
2026-09-17T04:38:27,run09172026_exp_thresh,1709
2026-09-17T04:38:38,run09172026_exp_thresh,15073
2026-09-17T04:38:48,run09172026_exp_thresh,8364
2026-09-17T04:38:58,run09172026_exp_thresh,2127
2026-09-17T04:39:08,run09172026_exp_thresh,1898
2026-09-17T04:39:18,run09172026_exp_thresh,3732
2026-09-17T04:39:28,run09172026_exp_thresh,3126
2026-09-17T04:39:38,run09172026_exp_thresh,3268
2026-09-17T04:39:48,run09172026_exp_thresh,3833
2026-09-17T04:39:58,run09172026_exp_thresh,3833
2026-09-17T04:40:08,run09172026_exp_thresh,3833
2026-09-17T04:40:18,run09172026_exp_thresh,33908
2026-09-17T04:40:28,run09172026_exp_thresh,33912
2026-09-17T04:40:38,run09172026_exp_thresh,4849
2026-09-17T04:40:48,run09172026_exp_thresh,4179
2026-09-17T04:40:58,run09172026_exp_thresh,4274
2026-09-17T04:41:08,run09172026_exp_thresh,4179
2026-09-17T04:41:18,run09172026_exp_thresh,5081
2026-09-17T04:41:28,run09172026_exp_thresh,4539
2026-09-17T04:41:38,run09172026_exp_thresh,5416
2026-09-17T04:41:48,run09172026_exp_thresh,5249
2026-09-17T04:41:58,run09172026_exp_thresh,5294
2026-09-17T04:42:09,run09172026_exp_thresh,5668
2026-09-17T04:42:19,run09172026_exp_thresh,7045
2026-09-17T04:42:29,run09172026_exp_thresh,6983
2026-09-17T04:42:39,run09172026_exp_thresh,6983
2026-09-17T04:42:49,run09172026_exp_thresh,62258
2026-09-17T04:42:59,run09172026_exp_thresh,34622
2026-09-17T04:43:09,run09172026_exp_thresh,7769
2026-09-17T04:43:19,run09172026_exp_thresh,6983
2026-09-17T04:43:29,run09172026_exp_thresh,6983
2026-09-17T04:43:39,run09172026_exp_thresh,6983
2026-09-17T04:43:49,run09172026_exp_thresh,7131
2026-09-17T04:43:59,run09172026_exp_thresh,7507
2026-09-17T04:44:09,run09172026_exp_thresh,8284
2026-09-17T04:44:19,run09172026_exp_thresh,6983
2026-09-17T04:44:29,run09172026_exp_thresh,7567
2026-09-17T04:44:39,run09172026_exp_thresh,7386
2026-09-17T04:44:49,run09172026_exp_thresh,7386
2026-09-17T04:44:59,run09172026_exp_thresh,7386
2026-09-17T04:45:09,run09172026_exp_thresh,65886
2026-09-17T04:45:19,run09172026_exp_thresh,36638
2026-09-17T04:45:29,run09172026_exp_thresh,7386
2026-09-17T04:45:40,run09172026_exp_thresh,8318
2026-09-17T04:45:50,run09172026_exp_thresh,7992
2026-09-17T04:46:00,run09172026_exp_thresh,7992
2026-09-17T04:46:10,run09172026_exp_thresh,7992
2026-09-17T04:46:20,run09172026_exp_thresh,7992
2026-09-17T04:46:30,run09172026_exp_thresh,9242
2026-09-17T04:46:40,run09172026_exp_thresh,12367
2026-09-17T04:46:50,run09172026_exp_thresh,9068
2026-09-17T04:47:00,run09172026_exp_thresh,10535
2026-09-17T04:47:10,run09172026_exp_thresh,11002
2026-09-17T04:47:20,run09172026_exp_thresh,11064
2026-09-17T04:47:30,run09172026_exp_thresh,9867
2026-09-17T04:47:40,run09172026_exp_thresh,11742
2026-09-17T04:47:50,run09172026_exp_thresh,10766
2026-09-17T04:48:00,run09172026_exp_thresh,11963
2026-09-17T04:48:10,run09172026_exp_thresh,10421
2026-09-17T04:48:20,run09172026_exp_thresh,13239
2026-09-17T04:48:30,run09172026_exp_thresh,14790
2026-09-17T04:48:40,run09172026_exp_thresh,9658
2026-09-17T04:48:50,run09172026_exp_thresh,9658
2026-09-17T04:49:00,run09172026_exp_thresh,9658
2026-09-17T04:49:10,run09172026_exp_thresh,9658
2026-09-17T04:49:21,run09172026_exp_thresh,86399
2026-09-17T04:49:31,run09172026_exp_thresh,49900
2026-09-17T04:49:41,run09172026_exp_thresh,9658
2026-09-17T04:49:51,run09172026_exp_thresh,11185
2026-09-17T04:50:01,run09172026_exp_thresh,10295
2026-09-17T04:50:11,run09172026_exp_thresh,10295
2026-09-17T04:50:21,run09172026_exp_thresh,10295
2026-09-17T04:50:31,run09172026_exp_thresh,10159
2026-09-17T04:50:41,run09172026_exp_thresh,10159
2026-09-17T04:50:51,run09172026_exp_thresh,10159
2026-09-17T04:51:01,run09172026_exp_thresh,9534
2026-09-17T04:51:11,run09172026_exp_thresh,9534
2026-09-17T04:51:21,run09172026_exp_thresh,9615
2026-09-17T04:51:31,run09172026_exp_thresh,12089
2026-09-17T04:51:41,run09172026_exp_thresh,10644
2026-09-17T04:51:51,run09172026_exp_thresh,11152
2026-09-17T04:52:01,run09172026_exp_thresh,12785
2026-09-17T04:52:11,run09172026_exp_thresh,11232
2026-09-17T04:52:21,run09172026_exp_thresh,11777
2026-09-17T04:52:31,run09172026_exp_thresh,12289
2026-09-17T04:52:41,run09172026_exp_thresh,11647
2026-09-17T04:52:51,run09172026_exp_thresh,11847
2026-09-17T04:53:02,run09172026_exp_thresh,10820
2026-09-17T04:53:12,run09172026_exp_thresh,13341
2026-09-17T04:53:22,run09172026_exp_thresh,14675
2026-09-17T04:53:32,run09172026_exp_thresh,13655
2026-09-17T04:53:42,run09172026_exp_thresh,12525
2026-09-17T04:53:52,run09172026_exp_thresh,12525
2026-09-17T04:54:02,run09172026_exp_thresh,12525
2026-09-17T04:54:12,run09172026_exp_thresh,112129
2026-09-17T04:54:22,run09172026_exp_thresh,112133
2026-09-17T04:54:32,run09172026_exp_thresh,99682
2026-09-17T04:54:42,run09172026_exp_thresh,37427
2026-09-17T04:54:52,run09172026_exp_thresh,14311
2026-09-17T04:55:02,run09172026_exp_thresh,16467
2026-09-17T04:55:12,run09172026_exp_thresh,14311
2026-09-17T04:55:22,run09172026_exp_thresh,14311
2026-09-17T04:55:32,run09172026_exp_thresh,14311
2026-09-17T04:55:42,run09172026_exp_thresh,14311
2026-09-17T04:55:52,run09172026_exp_thresh,14311
2026-09-17T04:56:02,run09172026_exp_thresh,14311
2026-09-17T04:56:12,run09172026_exp_thresh,14311
2026-09-17T04:56:22,run09172026_exp_thresh,16864
2026-09-17T04:56:33,run09172026_exp_thresh,16097
2026-09-17T04:56:43,run09172026_exp_thresh,16461
2026-09-17T04:56:53,run09172026_exp_thresh,19670
2026-09-17T04:57:03,run09172026_exp_thresh,16097
2026-09-17T04:57:13,run09172026_exp_thresh,16450
2026-09-17T04:57:23,run09172026_exp_thresh,19670
2026-09-17T04:57:33,run09172026_exp_thresh,17884
2026-09-17T04:57:43,run09172026_exp_thresh,19752
2026-09-17T04:57:53,run09172026_exp_thresh,16097
2026-09-17T04:58:03,run09172026_exp_thresh,16459
2026-09-17T04:58:13,run09172026_exp_thresh,19650
2026-09-17T04:58:23,run09172026_exp_thresh,16078
2026-09-17T04:58:33,run09172026_exp_thresh,18512
2026-09-17T04:58:43,run09172026_exp_thresh,19650
2026-09-17T04:58:53,run09172026_exp_thresh,14291
2026-09-17T04:59:03,run09172026_exp_thresh,18257
2026-09-17T04:59:13,run09172026_exp_thresh,19687
2026-09-17T04:59:23,run09172026_exp_thresh,14903
2026-09-17T04:59:33,run09172026_exp_thresh,19687
2026-09-17T04:59:43,run09172026_exp_thresh,16115
2026-09-17T04:59:53,run09172026_exp_thresh,14756
2026-09-17T05:00:03,run09172026_exp_thresh,16115
2026-09-17T05:00:14,run09172026_exp_thresh,16496
2026-09-17T05:00:24,run09172026_exp_thresh,16768
2026-09-17T05:00:34,run09172026_exp_thresh,16115
2026-09-17T05:00:44,run09172026_exp_thresh,17077
2026-09-17T05:00:54,run09172026_exp_thresh,17869
2026-09-17T05:01:04,run09172026_exp_thresh,23636
2026-09-17T05:01:14,run09172026_exp_thresh,23036
2026-09-17T05:01:24,run09172026_exp_thresh,24986
2026-09-17T05:01:34,run09172026_exp_thresh,27789
2026-09-17T05:01:44,run09172026_exp_thresh,27742
2026-09-17T05:01:54,run09172026_exp_thresh,18370
2026-09-17T05:02:04,run09172026_exp_thresh,17107
2026-09-17T05:02:14,run09172026_exp_thresh,17428
2026-09-17T05:02:24,run09172026_exp_thresh,17940
2026-09-17T05:02:34,run09172026_exp_thresh,16640
2026-09-17T05:02:44,run09172026_exp_thresh,16640
2026-09-17T05:02:54,run09172026_exp_thresh,16640
2026-09-17T05:03:04,run09172026_exp_thresh,16640
2026-09-17T05:03:14,run09172026_exp_thresh,16640
2026-09-17T05:03:24,run09172026_exp_thresh,149165
2026-09-17T05:03:34,run09172026_exp_thresh,149169
2026-09-17T05:03:45,run09172026_exp_thresh,82905
2026-09-17T05:03:55,run09172026_exp_thresh,82905
2026-09-17T05:04:05,run09172026_exp_thresh,17504
2026-09-17T05:04:15,run09172026_exp_thresh,20457
2026-09-17T05:04:25,run09172026_exp_thresh,20068
2026-09-17T05:04:35,run09172026_exp_thresh,18339
2026-09-17T05:04:45,run09172026_exp_thresh,18339
2026-09-17T05:04:55,run09172026_exp_thresh,18339
2026-09-17T05:05:05,run09172026_exp_thresh,18339
2026-09-17T05:05:15,run09172026_exp_thresh,18339
2026-09-17T05:05:25,run09172026_exp_thresh,18339
2026-09-17T05:05:35,run09172026_exp_thresh,16553
2026-09-17T05:05:45,run09172026_exp_thresh,16553
2026-09-17T05:05:55,run09172026_exp_thresh,16553
2026-09-17T05:06:05,run09172026_exp_thresh,16553
2026-09-17T05:06:15,run09172026_exp_thresh,16553
2026-09-17T05:06:25,run09172026_exp_thresh,16553
2026-09-17T05:06:35,run09172026_exp_thresh,16553
2026-09-17T05:06:45,run09172026_exp_thresh,22499
2026-09-17T05:06:55,run09172026_exp_thresh,21740
2026-09-17T05:07:05,run09172026_exp_thresh,17530
2026-09-17T05:07:16,run09172026_exp_thresh,21154
2026-09-17T05:07:26,run09172026_exp_thresh,18282
2026-09-17T05:07:36,run09172026_exp_thresh,18282
2026-09-17T05:07:46,run09172026_exp_thresh,18282
2026-09-17T05:07:56,run09172026_exp_thresh,18282
2026-09-17T05:08:06,run09172026_exp_thresh,18282
2026-09-17T05:08:16,run09172026_exp_thresh,18282
2026-09-17T05:08:26,run09172026_exp_thresh,18282
2026-09-17T05:08:36,run09172026_exp_thresh,18282
2026-09-17T05:08:46,run09172026_exp_thresh,16553
2026-09-17T05:08:56,run09172026_exp_thresh,16553
2026-09-17T05:09:06,run09172026_exp_thresh,16553
2026-09-17T05:09:16,run09172026_exp_thresh,16553
2026-09-17T05:09:26,run09172026_exp_thresh,16553
2026-09-17T05:09:36,run09172026_exp_thresh,16553
2026-09-17T05:09:46,run09172026_exp_thresh,22359
2026-09-17T05:09:56,run09172026_exp_thresh,18282
2026-09-17T05:10:06,run09172026_exp_thresh,18282
2026-09-17T05:10:16,run09172026_exp_thresh,18282
2026-09-17T05:10:26,run09172026_exp_thresh,18282
2026-09-17T05:10:36,run09172026_exp_thresh,18282
2026-09-17T05:10:46,run09172026_exp_thresh,18282
2026-09-17T05:10:57,run09172026_exp_thresh,16553
2026-09-17T05:11:07,run09172026_exp_thresh,16553
2026-09-17T05:11:17,run09172026_exp_thresh,16553
2026-09-17T05:11:27,run09172026_exp_thresh,16553
2026-09-17T05:11:37,run09172026_exp_thresh,16553
2026-09-17T05:11:47,run09172026_exp_thresh,16553
2026-09-17T05:11:57,run09172026_exp_thresh,16553
2026-09-17T05:12:07,run09172026_exp_thresh,16553
2026-09-17T05:12:17,run09172026_exp_thresh,23366
2026-09-17T05:12:27,run09172026_exp_thresh,19071
2026-09-17T05:12:37,run09172026_exp_thresh,19071
2026-09-17T05:12:47,run09172026_exp_thresh,19071
2026-09-17T05:12:57,run09172026_exp_thresh,19071
2026-09-17T05:13:07,run09172026_exp_thresh,19071
2026-09-17T05:13:17,run09172026_exp_thresh,18282
2026-09-17T05:13:27,run09172026_exp_thresh,18282
2026-09-17T05:13:37,run09172026_exp_thresh,18282
2026-09-17T05:13:47,run09172026_exp_thresh,18282
2026-09-17T05:13:57,run09172026_exp_thresh,16553
2026-09-17T05:14:07,run09172026_exp_thresh,16553
2026-09-17T05:14:17,run09172026_exp_thresh,16553
2026-09-17T05:14:27,run09172026_exp_thresh,16553
2026-09-17T05:14:38,run09172026_exp_thresh,22382
2026-09-17T05:14:48,run09172026_exp_thresh,19067
2026-09-17T05:14:58,run09172026_exp_thresh,18282
2026-09-17T05:15:08,run09172026_exp_thresh,18282
2026-09-17T05:15:18,run09172026_exp_thresh,18282
2026-09-17T05:15:28,run09172026_exp_thresh,18282
2026-09-17T05:15:38,run09172026_exp_thresh,18282
2026-09-17T05:15:48,run09172026_exp_thresh,18282
2026-09-17T05:15:58,run09172026_exp_thresh,16553
2026-09-17T05:16:08,run09172026_exp_thresh,16553
2026-09-17T05:16:18,run09172026_exp_thresh,16553
2026-09-17T05:16:28,run09172026_exp_thresh,16553
2026-09-17T05:16:38,run09172026_exp_thresh,16553
2026-09-17T05:16:48,run09172026_exp_thresh,16553
2026-09-17T05:16:58,run09172026_exp_thresh,22102
2026-09-17T05:17:08,run09172026_exp_thresh,18730
2026-09-17T05:17:18,run09172026_exp_thresh,16553
2026-09-17T05:17:28,run09172026_exp_thresh,16553
2026-2026-09-17T05:29:42,run09172026_exp_vsurfseq,31
2026-09-17T05:29:52,run09172026_exp_vsurfseq,1045
2026-09-17T05:30:02,run09172026_exp_vsurfseq,1146
2026-09-17T05:30:12,run09172026_exp_vsurfseq,1536
2026-09-17T05:30:22,run09172026_exp_vsurfseq,1813
2026-09-17T05:30:32,run09172026_exp_vsurfseq,1813
2026-09-17T05:30:42,run09172026_exp_vsurfseq,1852
2026-09-17T05:30:53,run09172026_exp_vsurfseq,2159
2026-09-17T05:31:03,run09172026_exp_vsurfseq,1813
2026-09-17T05:31:13,run09172026_exp_vsurfseq,1852
2026-09-17T05:31:23,run09172026_exp_vsurfseq,1813
2026-09-17T05:31:33,run09172026_exp_vsurfseq,1852
2026-09-17T05:31:43,run09172026_exp_vsurfseq,1813
2026-09-17T05:31:53,run09172026_exp_vsurfseq,1997
2026-09-17T05:32:03,run09172026_exp_vsurfseq,1852
2026-09-17T05:32:13,run09172026_exp_vsurfseq,1813
2026-09-17T05:32:23,run09172026_exp_vsurfseq,1852
2026-09-17T05:32:33,run09172026_exp_vsurfseq,1813
2026-09-17T05:32:43,run09172026_exp_vsurfseq,1852
2026-09-17T05:32:53,run09172026_exp_vsurfseq,1813
2026-09-17T05:33:03,run09172026_exp_vsurfseq,1813
2026-09-17T05:33:13,run09172026_exp_vsurfseq,1852
2026-09-17T05:33:23,run09172026_exp_vsurfseq,3919
2026-09-17T05:33:33,run09172026_exp_vsurfseq,4301
2026-09-17T05:33:43,run09172026_exp_vsurfseq,2735
2026-09-17T05:33:53,run09172026_exp_vsurfseq,3028
2026-09-17T05:34:03,run09172026_exp_vsurfseq,3047
2026-09-17T05:34:13,run09172026_exp_vsurfseq,2745
2026-09-17T05:34:24,run09172026_exp_vsurfseq,4298
2026-09-17T05:34:34,run09172026_exp_vsurfseq,3943
2026-09-17T05:34:44,run09172026_exp_vsurfseq,6320
2026-09-17T05:34:54,run09172026_exp_vsurfseq,4850
2026-09-17T05:35:04,run09172026_exp_vsurfseq,5851
2026-09-17T05:35:14,run09172026_exp_vsurfseq,7101
2026-09-17T05:35:24,run09172026_exp_vsurfseq,6608
2026-09-17T05:35:34,run09172026_exp_vsurfseq,6819
2026-09-17T05:35:44,run09172026_exp_vsurfseq,6864
2026-09-17T05:35:54,run09172026_exp_vsurfseq,5842
2026-09-17T05:36:04,run09172026_exp_vsurfseq,7310
2026-09-17T05:36:14,run09172026_exp_vsurfseq,9131
2026-09-17T05:36:24,run09172026_exp_vsurfseq,11366
2026-09-17T05:36:34,run09172026_exp_vsurfseq,8415
2026-09-17T05:36:44,run09172026_exp_vsurfseq,8415
2026-09-17T05:36:54,run09172026_exp_vsurfseq,8415
2026-09-17T05:37:04,run09172026_exp_vsurfseq,8415
2026-09-17T05:37:14,run09172026_exp_vsurfseq,8415
2026-09-17T05:37:24,run09172026_exp_vsurfseq,8415
2026-09-17T05:37:34,run09172026_exp_vsurfseq,8415
2026-09-17T05:37:44,run09172026_exp_vsurfseq,8653
2026-09-17T05:37:54,run09172026_exp_vsurfseq,8653
2026-09-17T05:38:05,run09172026_exp_vsurfseq,8653
2026-09-17T05:38:15,run09172026_exp_vsurfseq,8653
2026-09-17T05:38:25,run09172026_exp_vsurfseq,8415
2026-09-17T05:38:35,run09172026_exp_vsurfseq,8494
2026-09-17T05:38:45,run09172026_exp_vsurfseq,8494
2026-09-17T05:38:55,run09172026_exp_vsurfseq,8613
2026-09-17T05:39:05,run09172026_exp_vsurfseq,8613
2026-09-17T05:39:15,run09172026_exp_vsurfseq,8415
2026-09-17T05:39:25,run09172026_exp_vsurfseq,8415
2026-09-17T05:39:35,run09172026_exp_vsurfseq,11391
2026-09-17T05:39:45,run09172026_exp_vsurfseq,8895
2026-09-17T05:39:55,run09172026_exp_vsurfseq,8895
2026-09-17T05:40:05,run09172026_exp_vsurfseq,8895
2026-09-17T05:40:15,run09172026_exp_vsurfseq,8895
2026-09-17T05:40:25,run09172026_exp_vsurfseq,8895
2026-09-17T05:40:35,run09172026_exp_vsurfseq,8895
2026-09-17T05:40:45,run09172026_exp_vsurfseq,8895
2026-09-17T05:40:55,run09172026_exp_vsurfseq,8895
2026-09-17T05:41:05,run09172026_exp_vsurfseq,8895
2026-09-17T05:41:15,run09172026_exp_vsurfseq,9378
2026-09-17T05:41:25,run09172026_exp_vsurfseq,9378
2026-09-17T05:41:35,run09172026_exp_vsurfseq,8895
2026-09-17T05:41:46,run09172026_exp_vsurfseq,9258
2026-09-17T05:41:56,run09172026_exp_vsurfseq,9354
2026-09-17T05:42:06,run09172026_exp_vsurfseq,9994
2026-09-17T05:42:16,run09172026_exp_vsurfseq,11186
2026-09-17T05:42:26,run09172026_exp_vsurfseq,10827
2026-09-17T05:42:36,run09172026_exp_vsurfseq,10225
2026-09-17T05:42:46,run09172026_exp_vsurfseq,10729
2026-09-17T05:42:56,run09172026_exp_vsurfseq,12678
2026-09-17T05:43:06,run09172026_exp_vsurfseq,12743
2026-09-17T05:43:16,run09172026_exp_vsurfseq,12743
2026-09-17T05:43:26,run09172026_exp_vsurfseq,12743
2026-09-17T05:43:36,run09172026_exp_vsurfseq,12743
2026-09-17T05:43:46,run09172026_exp_vsurfseq,12752
2026-09-17T05:43:56,run09172026_exp_vsurfseq,12752
2026-09-17T05:44:06,run09172026_exp_vsurfseq,12752
2026-09-17T05:44:16,run09172026_exp_vsurfseq,12752
2026-09-17T05:44:26,run09172026_exp_vsurfseq,12752
2026-09-17T05:44:36,run09172026_exp_vsurfseq,12752
2026-09-17T05:44:46,run09172026_exp_vsurfseq,12752
2026-09-17T05:44:56,run09172026_exp_vsurfseq,12752
2026-09-17T05:45:06,run09172026_exp_vsurfseq,12752
2026-09-17T05:45:17,run09172026_exp_vsurfseq,12752
2026-09-17T05:45:27,run09172026_exp_vsurfseq,12752
2026-09-17T05:45:37,run09172026_exp_vsurfseq,12752
2026-09-17T05:45:47,run09172026_exp_vsurfseq,12752
2026-09-17T05:45:57,run09172026_exp_vsurfseq,12752
2026-09-17T05:46:07,run09172026_exp_vsurfseq,12752
2026-09-17T05:46:17,run09172026_exp_vsurfseq,12752
2026-09-17T05:46:27,run09172026_exp_vsurfseq,12752
2026-09-17T05:46:37,run09172026_exp_vsurfseq,12752
2026-09-17T05:46:47,run09172026_exp_vsurfseq,12752
2026-09-17T05:46:57,run09172026_exp_vsurfseq,12752
2026-09-17T05:47:07,run09172026_exp_vsurfseq,12752
2026-09-17T05:47:17,run09172026_exp_vsurfseq,12752
2026-09-17T05:47:27,run09172026_exp_vsurfseq,12752
2026-09-17T05:47:37,run09172026_exp_vsurfseq,16562
2026-09-17T05:47:47,run09172026_exp_vsurfseq,15564
2026-09-17T05:47:57,run09172026_exp_vsurfseq,14484
2026-09-17T05:48:07,run09172026_exp_vsurfseq,14484
2026-09-17T05:48:17,run09172026_exp_vsurfseq,14484
2026-09-17T05:48:27,run09172026_exp_vsurfseq,14484
2026-09-17T05:48:37,run09172026_exp_vsurfseq,14484
2026-09-17T05:48:47,run09172026_exp_vsurfseq,14484
2026-09-17T05:48:58,run09172026_exp_vsurfseq,14484
2026-09-17T05:49:08,run09172026_exp_vsurfseq,14484
2026-09-17T05:49:18,run09172026_exp_vsurfseq,14001
2026-09-17T05:49:28,run09172026_exp_vsurfseq,14001
2026-09-17T05:49:38,run09172026_exp_vsurfseq,14001
2026-09-17T05:49:48,run09172026_exp_vsurfseq,14001
2026-09-17T05:49:58,run09172026_exp_vsurfseq,14001
2026-09-17T05:50:08,run09172026_exp_vsurfseq,15731
2026-09-17T05:50:18,run09172026_exp_vsurfseq,15731
2026-09-17T05:50:28,run09172026_exp_vsurfseq,15731
2026-09-17T05:50:38,run09172026_exp_vsurfseq,19189
2026-09-17T05:50:48,run09172026_exp_vsurfseq,15731
2026-09-17T05:50:58,run09172026_exp_vsurfseq,16811
2026-09-17T05:51:08,run09172026_exp_vsurfseq,19601
2026-09-17T05:51:18,run09172026_exp_vsurfseq,16097
2026-09-17T05:51:28,run09172026_exp_vsurfseq,18177
2026-09-17T05:51:38,run09172026_exp_vsurfseq,21714
2026-09-17T05:51:48,run09172026_exp_vsurfseq,16961
2026-09-17T05:51:58,run09172026_exp_vsurfseq,16506
2026-09-17T05:52:08,run09172026_exp_vsurfseq,19910
2026-09-17T05:52:18,run09172026_exp_vsurfseq,17669
2026-09-17T05:52:28,run09172026_exp_vsurfseq,21192
2026-09-17T05:52:39,run09172026_exp_vsurfseq,21106
2026-09-17T05:52:49,run09172026_exp_vsurfseq,15920
2026-09-17T05:52:59,run09172026_exp_vsurfseq,21696
2026-09-17T05:53:09,run09172026_exp_vsurfseq,17649
2026-09-17T05:53:19,run09172026_exp_vsurfseq,18245
2026-09-17T05:53:29,run09172026_exp_vsurfseq,23820
2026-09-17T05:53:39,run09172026_exp_vsurfseq,17649
2026-09-17T05:53:49,run09172026_exp_vsurfseq,19688
2026-09-17T05:53:59,run09172026_exp_vsurfseq,24353
2026-09-17T05:54:09,run09172026_exp_vsurfseq,22095
2026-09-17T05:54:19,run09172026_exp_vsurfseq,17066
2026-09-17T05:54:29,run09172026_exp_vsurfseq,22365
2026-09-17T05:54:39,run09172026_exp_vsurfseq,17685
2026-09-17T05:54:49,run09172026_exp_vsurfseq,18338
2026-09-17T05:54:59,run09172026_exp_vsurfseq,20079
2026-09-17T05:55:09,run09172026_exp_vsurfseq,25942
2026-09-17T05:55:19,run09172026_exp_vsurfseq,27284
2026-09-17T05:55:29,run09172026_exp_vsurfseq,27788
2026-09-17T05:55:39,run09172026_exp_vsurfseq,29423
2026-09-17T05:55:49,run09172026_exp_vsurfseq,31480
2026-09-17T05:55:59,run09172026_exp_vsurfseq,31877
2026-09-17T05:56:10,run09172026_exp_vsurfseq,32064
2026-09-17T05:56:20,run09172026_exp_vsurfseq,21694
2026-09-17T05:56:30,run09172026_exp_vsurfseq,20109
2026-09-17T05:56:40,run09172026_exp_vsurfseq,21571
2026-09-17T05:56:50,run09172026_exp_vsurfseq,20167
2026-09-17T05:57:00,run09172026_exp_vsurfseq,20292
2026-09-17T05:57:03,run09172026_exp_vsurf4,31
2026-09-17T05:57:13,run09172026_exp_vsurf4,1045
2026-09-17T05:57:23,run09172026_exp_vsurf4,1358
2026-09-17T05:57:33,run09172026_exp_vsurf4,1146
2026-09-17T05:57:44,run09172026_exp_vsurf4,1813
2026-09-17T05:57:54,run09172026_exp_vsurf4,8884
2026-09-17T05:58:04,run09172026_exp_vsurf4,9039
2026-09-17T05:58:14,run09172026_exp_vsurf4,9481
2026-09-17T05:58:24,run09172026_exp_vsurf4,8886
2026-09-17T05:58:34,run09172026_exp_vsurf4,2730
2026-09-17T05:58:44,run09172026_exp_vsurf4,8144
2026-09-17T05:58:54,run09172026_exp_vsurf4,2641
2026-09-17T05:59:04,run09172026_exp_vsurf4,2796
2026-09-17T05:59:14,run09172026_exp_vsurf4,2693
2026-09-17T05:59:24,run09172026_exp_vsurf4,2809
2026-09-17T05:59:34,run09172026_exp_vsurf4,2763
2026-09-17T05:59:44,run09172026_exp_vsurf4,3697
2026-09-17T05:59:54,run09172026_exp_vsurf4,4456
2026-09-17T06:00:04,run09172026_exp_vsurf4,5912
2026-09-17T06:00:14,run09172026_exp_vsurf4,6582
2026-09-17T06:00:24,run09172026_exp_vsurf4,6097
2026-09-17T06:00:34,run09172026_exp_vsurf4,6552
2026-09-17T06:00:44,run09172026_exp_vsurf4,6170
2026-09-17T06:00:54,run09172026_exp_vsurf4,5417
2026-09-17T06:01:04,run09172026_exp_vsurf4,6771
2026-09-17T06:01:14,run09172026_exp_vsurf4,7315
2026-09-17T06:01:25,run09172026_exp_vsurf4,7891
2026-09-17T06:01:35,run09172026_exp_vsurf4,7124
2026-09-17T06:01:45,run09172026_exp_vsurf4,6381
2026-09-17T06:01:55,run09172026_exp_vsurf4,10142
2026-09-17T06:02:05,run09172026_exp_vsurf4,7740
2026-09-17T06:02:15,run09172026_exp_vsurf4,7428
2026-09-17T06:02:25,run09172026_exp_vsurf4,7428
2026-09-17T06:02:35,run09172026_exp_vsurf4,7428
2026-09-17T06:02:45,run09172026_exp_vsurf4,7428
2026-09-17T06:02:55,run09172026_exp_vsurf4,36845
2026-09-17T06:03:05,run09172026_exp_vsurf4,38752
2026-09-17T06:03:15,run09172026_exp_vsurf4,39070
2026-09-17T06:03:25,run09172026_exp_vsurf4,7428
2026-09-17T06:03:35,run09172026_exp_vsurf4,11501
2026-09-17T06:03:45,run09172026_exp_vsurf4,7942
2026-09-17T06:03:55,run09172026_exp_vsurf4,7942
2026-09-17T06:04:05,run09172026_exp_vsurf4,7942
2026-09-17T06:04:15,run09172026_exp_vsurf4,7942
2026-09-17T06:04:25,run09172026_exp_vsurf4,7942
2026-09-17T06:04:35,run09172026_exp_vsurf4,8078
2026-09-17T06:04:45,run09172026_exp_vsurf4,7942
2026-09-17T06:04:56,run09172026_exp_vsurf4,7942
2026-09-17T06:05:06,run09172026_exp_vsurf4,7942
2026-09-17T06:05:16,run09172026_exp_vsurf4,7942
2026-09-17T06:05:26,run09172026_exp_vsurf4,8797
2026-09-17T06:05:36,run09172026_exp_vsurf4,9426
2026-09-17T06:05:46,run09172026_exp_vsurf4,8455
2026-09-17T06:05:56,run09172026_exp_vsurf4,10718
2026-09-17T06:06:06,run09172026_exp_vsurf4,9744
2026-09-17T06:06:16,run09172026_exp_vsurf4,9095
2026-09-17T06:06:26,run09172026_exp_vsurf4,10330
2026-09-17T06:06:36,run09172026_exp_vsurf4,9940
2026-09-17T06:06:46,run09172026_exp_vsurf4,9388
2026-09-17T06:06:56,run09172026_exp_vsurf4,9802
2026-09-17T06:07:06,run09172026_exp_vsurf4,10955
2026-09-17T06:07:16,run09172026_exp_vsurf4,11109
2026-09-17T06:07:26,run09172026_exp_vsurf4,9985
2026-09-17T06:07:36,run09172026_exp_vsurf4,9985
2026-09-17T06:07:46,run09172026_exp_vsurf4,9985
2026-09-17T06:07:56,run09172026_exp_vsurf4,9985
2026-09-17T06:08:06,run09172026_exp_vsurf4,9985
2026-09-17T06:08:16,run09172026_exp_vsurf4,49630
2026-09-17T06:08:26,run09172026_exp_vsurf4,49632
2026-09-17T06:08:37,run09172026_exp_vsurf4,49953
2026-09-17T06:08:47,run09172026_exp_vsurf4,50514
2026-09-17T06:08:57,run09172026_exp_vsurf4,50514
2026-09-17T06:09:07,run09172026_exp_vsurf4,50514
2026-09-17T06:09:17,run09172026_exp_vsurf4,10300
2026-09-17T06:09:27,run09172026_exp_vsurf4,15371
2026-09-17T06:09:37,run09172026_exp_vsurf4,14286
2026-09-17T06:09:47,run09172026_exp_vsurf4,11685
2026-09-17T06:09:57,run09172026_exp_vsurf4,11685
2026-09-17T06:10:07,run09172026_exp_vsurf4,11685
2026-09-17T06:10:17,run09172026_exp_vsurf4,11685
2026-09-17T06:10:27,run09172026_exp_vsurf4,11685
2026-09-17T06:10:37,run09172026_exp_vsurf4,11685
2026-09-17T06:10:47,run09172026_exp_vsurf4,11685
2026-09-17T06:10:57,run09172026_exp_vsurf4,11685
2026-09-17T06:11:07,run09172026_exp_vsurf4,11685
2026-09-17T06:11:17,run09172026_exp_vsurf4,11685
2026-09-17T06:11:27,run09172026_exp_vsurf4,11685
2026-09-17T06:11:37,run09172026_exp_vsurf4,11685
2026-09-17T06:11:47,run09172026_exp_vsurf4,11685
2026-09-17T06:11:57,run09172026_exp_vsurf4,13414
2026-09-17T06:12:08,run09172026_exp_vsurf4,13605
2026-09-17T06:12:18,run09172026_exp_vsurf4,15855
2026-09-17T06:12:28,run09172026_exp_vsurf4,16587
2026-09-17T06:12:38,run09172026_exp_vsurf4,13816
2026-09-17T06:12:48,run09172026_exp_vsurf4,14735
2026-09-17T06:12:58,run09172026_exp_vsurf4,15907
2026-09-17T06:13:08,run09172026_exp_vsurf4,17588
2026-09-17T06:13:18,run09172026_exp_vsurf4,16200
2026-09-17T06:13:28,run09172026_exp_vsurf4,16724
2026-09-17T06:13:38,run09172026_exp_vsurf4,17711
2026-09-17T06:13:48,run09172026_exp_vsurf4,17307
2026-09-17T06:13:58,run09172026_exp_vsurf4,19276
2026-09-17T06:14:08,run09172026_exp_vsurf4,16696
2026-09-17T06:14:18,run09172026_exp_vsurf4,18517
2026-09-17T06:14:28,run09172026_exp_vsurf4,18101
2026-09-17T06:14:38,run09172026_exp_vsurf4,19398
2026-09-17T06:14:48,run09172026_exp_vsurf4,16342
2026-09-17T06:14:58,run09172026_exp_vsurf4,22036
2026-09-17T06:15:08,run09172026_exp_vsurf4,17224
2026-09-17T06:15:18,run09172026_exp_vsurf4,18644
2026-09-17T06:15:28,run09172026_exp_vsurf4,21900
2026-09-17T06:15:38,run09172026_exp_vsurf4,19228
2026-09-17T06:15:49,run09172026_exp_vsurf4,19561
2026-09-17T06:15:59,run09172026_exp_vsurf4,24150
2026-09-17T06:16:09,run09172026_exp_vsurf4,19397
2026-09-17T06:16:19,run09172026_exp_vsurf4,15409
2026-09-17T06:16:29,run09172026_exp_vsurf4,19592
2026-09-17T06:16:39,run09172026_exp_vsurf4,19712
2026-09-17T06:16:49,run09172026_exp_vsurf4,19592
2026-09-17T06:16:59,run09172026_exp_vsurf4,23120
2026-09-17T06:17:09,run09172026_exp_vsurf4,27841
2026-09-17T06:17:19,run09172026_exp_vsurf4,27453
2026-09-17T06:17:29,run09172026_exp_vsurf4,28856
2026-09-17T06:17:39,run09172026_exp_vsurf4,30741
2026-09-17T06:17:49,run09172026_exp_vsurf4,32796
2026-09-17T06:17:59,run09172026_exp_vsurf4,32906
2026-09-17T06:18:09,run09172026_exp_vsurf4,33184
2026-09-17T06:18:19,run09172026_exp_vsurf4,18888
2026-09-17T06:18:29,run09172026_exp_vsurf4,18883
2026-09-17T06:18:39,run09172026_exp_vsurf4,19304
2026-09-17T06:18:49,run09172026_exp_vsurf4,19329
2026-09-17T06:18:59,run09172026_exp_vsurf4,18248
