taxon,sec_prod,peakMB_prod,fin_prod,sec_exp,peakMB_exp,fin_exp,vsel_prod,vsel_exp,presence_exp,presence_prod,nVars_exp,nVars_prod,ATAUC_exp,ATAUC_prod,valid_exp,valid_prod,GRSex_exp,GRSex_prod,ERSex_exp,ERSex_prod,FCSex_exp,FCSex_prod,FCSex_class_exp,FCSex_class_prod,SRSin_exp,SRSin_prod,GRSin_exp,GRSin_prod,ERSin_exp,ERSin_prod,FCSin_exp,FCSin_prod,FCSin_class_exp,FCSin_class_prod,FCSc_exp,FCSc_prod,FCSc_class_exp,FCSc_class_prod,experiment,rss_exp,classChanged,dFCSc,dFCSex,dFCSin,secRatio,vselRatio
Vitis simpsonii,575.4,11644,2026-09-17T02:47:47Z,421.5,12364,2026-09-17T04:28:31Z,69.2,58.2,322,322,25,25,0.9262757799499808,0.928722056664596,TRUE,TRUE,0,0,0,0,0.3003003003003003,0.3003003003003003,UP,UP,17.375886524822697,17.5,7.000262614320107,7.051370348072174,91.66666666666666,100,38.68093860193648,41.51712344935739,HP,HP,19.49061945111839,20.90871187482885,UP,UP,run09172026_exp_fullcorr,142021,FALSE,-1.4,0,-2.8,0.73,0.84
Vitis x doaniana,166.8,3170,2026-09-17T02:08:57Z,119.3,3046,2026-09-17T04:12:24Z,38.7,30.7,46,46,24,24,0.9730104862319764,0.9776506380663674,TRUE,TRUE,50.75596875734551,70.11184735879571,100,100,79.35251868631094,85.80447822012768,LP,LP,2.3255813953488373,2.272727272727273,0.7709222468913,0.9113723078336676,75,100,26.032167880746712,34.39469986018698,HP,HP,52.69234328352883,60.099589040157326,MP,MP,run09172026_exp_fullcorr,55874,FALSE,-7.4,-6.5,-8.4,0.72,0.79
Vitis berlandieri,NA,NA,NA,563.8,14325,2026-09-17T04:37:55Z,NA,72.6,515,NA,25,NA,0.9126913924575748,NA,TRUE,NA,26.226879075702747,NA,30,NA,24.74229302523425,NA,UP,NA,11.11111111111111,NA,5.161985437594559,NA,90,NA,35.42436551623522,NA,HP,NA,30.083329270734737,NA,HP,NA,run09172026_exp_fullcorr,142025,FALSE,NA,NA,NA,NA,NA
Vitis monticola,NA,NA,NA,235.3,6033,2026-09-17T04:21:30Z,NA,42.2,405,405,25,25,0.984645841330222,0.9871628227730412,TRUE,TRUE,52.788365418851534,53.030569735221874,100,100,52.839674814879835,52.92040958700328,MP,MP,22.797927461139896,24.102564102564106,1.576675012248845,1.954665318209994,100,100,41.458200824462914,42.01907647359136,HP,HP,47.148937819671374,47.46974303029732,HP,HP,run09172026_exp_fullcorr,96326,FALSE,-0.3,-0.1,-0.6,NA,NA
Vitis popenoei,NA,NA,NA,215.7,5827,2026-09-17T04:17:35Z,NA,47.1,98,98,25,25,0.9456286191204908,0.947537155810274,TRUE,TRUE,7.720244949037502,7.04146173542151,36.36363636363637,36.36363636363637,15.194627104224622,14.968366033019294,UP,UP,21.428571428571427,20.930232558139537,14.270438912293844,15.424845860097705,100,100,45.23300344695509,45.45169280607908,HP,HP,30.213815275589855,30.210029419549187,HP,HP,run09172026_exp_fullcorr,81427,FALSE,0,0.2,-0.2,NA,NA
Vitis rufotomentosa,NA,NA,NA,96.3,2584,2026-09-17T04:10:24Z,NA,31.2,18,18,24,24,0.7348167357396762,0.7172334032956454,FALSE,FALSE,0,0,0,0,1.6666666666666667,1.6666666666666667,UP,UP,33.33333333333333,30.76923076923077,6.64077337984464,6.227789157451972,100,100,46.65803557105932,45.66567330889425,HP,HP,24.162351118862993,23.666169987780457,UP,UP,run09172026_exp_fullcorr,34343,FALSE,0.5,0,1,NA,NA
Vitis x champinii,NA,NA,NA,95.4,3245,2026-09-17T04:13:59Z,NA,29.1,24,24,25,25,0.8879006258812544,0.934135474895556,TRUE,TRUE,66.3921350056712,67.15802382368098,100,100,69.18953519796882,69.44483147063876,MP,MP,0,0,1.2772708915394415,1.308451277477922,100,66.66666666666666,33.75909029717982,22.658372648048196,HP,UP,51.47431274757432,46.05160205934348,MP,HP,run09172026_exp_fullcorr,55874,TRUE,5.4,-0.3,11.1,NA,NA
Vitis simpsonii,575.4,11644,2026-09-17T02:47:47Z,420.1,9956,2026-09-17T03:44:08Z,69.2,58.7,223,322,24,25,0.9100771909670408,0.928722056664596,TRUE,TRUE,0,0,0,0,0.3003003003003003,0.3003003003003003,UP,UP,17.562724014336915,17.5,7.05013495129234,7.051370348072174,100,100,41.53761965520975,41.51712344935739,HP,HP,20.918959977755023,20.90871187482885,UP,UP,run09172026_exp_thin,136721,FALSE,0,0,0,0.73,0.85
Vitis x doaniana,166.8,3170,2026-09-17T02:08:57Z,148.1,3532,2026-09-17T03:27:05Z,38.7,34.1,46,46,24,24,0.9776506380663674,0.9776506380663674,TRUE,TRUE,70.11184735879571,70.11184735879571,100,100,85.80447822012768,85.80447822012768,LP,LP,2.272727272727273,2.272727272727273,0.9113723078336676,0.9113723078336676,100,100,34.39469986018698,34.39469986018698,HP,HP,60.099589040157326,60.099589040157326,MP,MP,run09172026_exp_thin,56697,FALSE,0,0,0,0.89,0.88
Vitis monticola,NA,NA,NA,227,7596,2026-09-17T03:37:08Z,NA,43.2,162,405,24,25,0.978455977739404,0.9871628227730412,TRUE,TRUE,43.28097572475135,53.030569735221874,60,100,36.3372115835131,52.92040958700328,HP,MP,23.79746835443038,24.102564102564106,1.4946689933468678,1.954665318209994,80,100,35.09737911592575,42.01907647359136,HP,HP,35.71729534971942,47.46974303029732,HP,HP,run09172026_exp_thin,109762,TRUE,-11.8,-16.6,-6.9,NA,NA
Vitis popenoei,NA,NA,NA,248.8,6396,2026-09-17T03:33:21Z,NA,48.7,52,98,25,25,0.9161835183222924,0.947537155810274,TRUE,TRUE,4.874642795169867,7.04146173542151,36.36363636363637,36.36363636363637,14.246093052935413,14.968366033019294,UP,UP,20.689655172413794,20.930232558139537,15.24337456925959,15.424845860097705,100,100,45.31100991389113,45.45169280607908,HP,HP,29.77855148341327,30.210029419549187,HP,HP,run09172026_exp_thin,83331,FALSE,-0.4,-0.7,-0.1,NA,NA
Vitis rufotomentosa,NA,NA,NA,111.9,2756,2026-09-17T03:24:37Z,NA,33.4,18,18,24,24,0.7172334032956454,0.7172334032956454,FALSE,FALSE,0,0,0,0,1.6666666666666667,1.6666666666666667,UP,UP,30.76923076923077,30.76923076923077,6.227789157451972,6.227789157451972,100,100,45.66567330889425,45.66567330889425,HP,HP,23.666169987780457,23.666169987780457,UP,UP,run09172026_exp_thin,34212,FALSE,0,0,0,NA,NA
Vitis x champinii,NA,NA,NA,126.7,4199,2026-09-17T03:29:12Z,NA,34.8,24,24,25,25,0.934135474895556,0.934135474895556,TRUE,TRUE,67.15802382368098,67.15802382368098,100,100,69.44483147063876,69.44483147063876,MP,MP,0,0,1.308451277477922,1.308451277477922,66.66666666666666,66.66666666666666,22.658372648048196,22.658372648048196,UP,UP,46.05160205934348,46.05160205934348,HP,HP,run09172026_exp_thin,58247,FALSE,0,0,0,NA,NA
Vitis simpsonii,575.4,11644,2026-09-17T02:47:47Z,535.8,13020,2026-09-17T05:02:34Z,69.2,66.6,322,322,25,25,0.928722056664596,0.928722056664596,TRUE,TRUE,0,0,0,0,0.3003003003003003,0.3003003003003003,UP,UP,17.5,17.5,7.051370348072174,7.051370348072174,100,100,41.51712344935739,41.51712344935739,HP,HP,20.90871187482885,20.90871187482885,UP,UP,run09172026_exp_thresh,149169,FALSE,0,0,0,0.93,0.96
Vitis x doaniana,166.8,3170,2026-09-17T02:08:57Z,150.7,3777,2026-09-17T04:42:27Z,38.7,33.6,46,46,24,24,0.9776506380663674,0.9776506380663674,TRUE,TRUE,70.11184735879571,70.11184735879571,100,100,85.80447822012768,85.80447822012768,LP,LP,2.272727272727273,2.272727272727273,0.9113723078336676,0.9113723078336676,100,100,34.39469986018698,34.39469986018698,HP,HP,60.099589040157326,60.099589040157326,MP,MP,run09172026_exp_thresh,62258,FALSE,0,0,0,0.9,0.87
Vitis monticola,NA,NA,NA,290.3,7557,2026-09-17T04:53:38Z,NA,46.5,405,405,25,25,0.9871628227730412,0.9871628227730412,TRUE,TRUE,53.030569735221874,53.030569735221874,100,100,52.92040958700328,52.92040958700328,MP,MP,24.102564102564106,24.102564102564106,1.954665318209994,1.954665318209994,100,100,42.01907647359136,42.01907647359136,HP,HP,47.46974303029732,47.46974303029732,HP,HP,run09172026_exp_thresh,112133,FALSE,0,0,0,NA,NA
Vitis popenoei,NA,NA,NA,254.7,7052,2026-09-17T04:48:48Z,NA,51.2,98,98,25,25,0.947537155810274,0.947537155810274,TRUE,TRUE,7.04146173542151,7.04146173542151,36.36363636363637,36.36363636363637,14.968366033019294,14.968366033019294,UP,UP,20.930232558139537,20.930232558139537,15.424845860097705,15.424845860097705,100,100,45.45169280607908,45.45169280607908,HP,HP,30.210029419549187,30.210029419549187,HP,HP,run09172026_exp_thresh,86399,FALSE,0,0,0,NA,NA
Vitis rufotomentosa,NA,NA,NA,108.7,2756,2026-09-17T04:39:57Z,NA,33,18,18,24,24,0.7172334032956454,0.7172334032956454,FALSE,FALSE,0,0,0,0,1.6666666666666667,1.6666666666666667,UP,UP,30.76923076923077,30.76923076923077,6.227789157451972,6.227789157451972,100,100,45.66567330889425,45.66567330889425,HP,HP,23.666169987780457,23.666169987780457,UP,UP,run09172026_exp_thresh,33912,FALSE,0,0,0,NA,NA
Vitis x champinii,NA,NA,NA,125.7,4634,2026-09-17T04:44:33Z,NA,34.6,24,24,25,25,0.934135474895556,0.934135474895556,TRUE,TRUE,67.15802382368098,67.15802382368098,100,100,69.44483147063876,69.44483147063876,MP,MP,0,0,1.308451277477922,1.308451277477922,66.66666666666666,66.66666666666666,22.658372648048196,22.658372648048196,UP,UP,46.05160205934348,46.05160205934348,HP,HP,run09172026_exp_thresh,65886,FALSE,0,0,0,NA,NA
Vitis berlandieri,NA,NA,NA,688.1,13511,2026-09-17T06:18:59Z,NA,101.2,515,NA,25,NA,0.9246876690172648,NA,TRUE,NA,24.97182161709971,NA,26.31578947368421,NA,23.09587036359464,NA,UP,NA,11.738148984198643,NA,5.709515967114686,NA,100,NA,39.149221650437774,NA,HP,NA,31.122546007016204,NA,HP,NA,run09172026_exp_vsurf4,50514,FALSE,NA,NA,NA,NA,NA
Vitis monticola,NA,NA,NA,308.4,6881,2026-09-17T06:07:31Z,NA,60,405,405,25,25,0.9871628227730412,0.9871628227730412,TRUE,TRUE,53.030569735221874,53.030569735221874,100,100,52.92040958700328,52.92040958700328,MP,MP,24.102564102564106,24.102564102564106,1.954665318209994,1.954665318209994,100,100,42.01907647359136,42.01907647359136,HP,HP,47.46974303029732,47.46974303029732,HP,HP,run09172026_exp_vsurf4,49632,FALSE,0,0,0,NA,NA
Vitis popenoei,NA,NA,NA,308.6,6234,2026-09-17T06:02:23Z,NA,72.5,98,98,25,25,0.947537155810274,0.947537155810274,TRUE,TRUE,7.04146173542151,7.04146173542151,36.36363636363637,36.36363636363637,14.968366033019294,14.968366033019294,UP,UP,20.930232558139537,20.930232558139537,15.424845860097705,15.424845860097705,100,100,45.45169280607908,45.45169280607908,HP,HP,30.210029419549187,30.210029419549187,HP,HP,run09172026_exp_vsurf4,39070,FALSE,0,0,0,NA,NA
Vitis berlandieri,NA,NA,NA,834.5,15925,2026-09-17T05:57:01Z,NA,257.5,515,NA,25,NA,0.9268003023492832,NA,TRUE,NA,25.864986916715772,NA,26.31578947368421,NA,23.393592130133328,NA,UP,NA,11.76470588235294,NA,5.57923356404975,NA,100,NA,39.114646482134226,NA,HP,NA,31.254119306133777,NA,HP,NA,run09172026_exp_vsurfseq,32064,FALSE,NA,NA,NA,NA,NA
Vitis monticola,NA,NA,NA,379.5,6803,2026-09-17T05:43:06Z,NA,158,405,405,24,25,0.9880555621090378,0.9871628227730412,TRUE,TRUE,53.49804338784568,53.030569735221874,100,100,53.07623413787788,52.92040958700328,MP,MP,24.164524421593832,24.102564102564106,1.9880293026571836,1.954665318209994,100,100,42.05085124141701,42.01907647359136,HP,HP,47.56354268964745,47.46974303029732,HP,HP,run09172026_exp_vsurfseq,12752,FALSE,0.1,0.2,0,NA,NA
Vitis popenoei,NA,NA,NA,413.7,6226,2026-09-17T05:36:47Z,NA,200.3,98,98,25,25,0.9435232558189276,0.947537155810274,TRUE,TRUE,6.8310764907270105,7.04146173542151,36.36363636363637,36.36363636363637,14.898237618121124,14.968366033019294,UP,UP,20.930232558139537,20.930232558139537,15.532453317148295,15.424845860097705,100,100,45.487561958429275,45.45169280607908,HP,HP,30.1928997882752,30.210029419549187,HP,HP,run09172026_exp_vsurfseq,11366,FALSE,-0,-0.1,0,NA,NA
