taxon,n,backbone_concept,in_any_include_list,in_exclude_list_of
Vitis vinifera,148976,NA,FALSE,
Vitis vinifera var. vinifera,8758,NA,FALSE,
Vitis vinifera subsp. sylvestris,6493,NA,FALSE,
Vitis flexuosa,5273,NA,FALSE,
Vitis amurensis,3548,NA,FALSE,
Vitis coignetiae,2308,NA,FALSE,
Vitis vinifera var. orientalis,1347,NA,FALSE,
Vitis heyneana,1262,NA,FALSE,
Vitis betulifolia,1211,NA,FALSE,
Vitis ficifolia var. sinuata,1186,NA,FALSE,
Vitis davidi,806,NA,FALSE,
Vitis ficifolia,771,NA,FALSE,
Vitis sylvestris,698,Vitis labrusca,FALSE,
Vitis thunbergii,655,NA,FALSE,
Vitis wilsoniae,562,NA,FALSE,
Vitis piasezkii,544,NA,FALSE,
Vitis flexuosa var. flexuosa,531,NA,FALSE,
Vitis ficifolia var. lobata,493,NA,FALSE,
Vitis quinquangularis,492,NA,FALSE,
Vitis bryoniifolia,442,NA,FALSE,
Vitis riparia subsp. riparia,417,NA,FALSE,
Vitis rotundifolia var. munsoniana,412,NA,FALSE,
Vitis piasezkii var. pagnucii,381,NA,FALSE,
Vitis ficifolia var. ficifolia,344,NA,FALSE,
Vitis pseudoreticulata,336,NA,FALSE,
Vitis romanetii,293,NA,FALSE,
Vitis saccharifera,284,NA,FALSE,
Vitis vinifera subsp. sativa,279,NA,FALSE,
Vitis chunganensis,264,NA,FALSE,
Vitis heyneana subsp. ficifolia,264,NA,FALSE,
Vitis balansana,235,NA,FALSE,
Vitis caribaea,202,Vitis tiliifolia,FALSE,
Vitis saccharifera var. saccharifera,194,NA,FALSE,
Vitis bellula,182,NA,FALSE,
Vitis cardiophylla,181,NA,FALSE,
Vitis sinocinerea,180,NA,FALSE,
Vitis flexuosa var. parvifolia,179,NA,FALSE,
Vitis gmelinii,177,NA,FALSE,
Vitis lanata,175,NA,FALSE,
Vitis chungii,167,NA,FALSE,
Vitis adstricta,161,NA,FALSE,
Vitis aestivalis var. linsecomii,160,NA,FALSE,
Vitis x instabilis,150,NA,FALSE,
Vitis riparia x vitis rupestris,144,NA,FALSE,
Vitis flexuosa var. rufotomentosa,140,NA,FALSE,
Vitis wilsonae,138,NA,FALSE,
Vitis x koberi,124,NA,FALSE,
Vitis tsoi,122,NA,FALSE,
Vitis silvestris,115,NA,FALSE,
Vitis hancockii,109,NA,FALSE,
Vitis x labruscana,106,Vitis labrusca,FALSE,
Vitis retordii,102,NA,FALSE,
Vitis silvestrii,98,NA,FALSE,
Vitis kelungensis,90,NA,FALSE,
Vitis bicolor,87,Vitis aestivalis,FALSE,
Vitis pentagona,85,NA,FALSE,
Vitis balansaeana,78,NA,FALSE,
Vitis lanceolatifoliosa,76,NA,FALSE,
Vitis x ruggerii,72,NA,FALSE,
Vitis ficifolia var. izu-insularis,70,NA,FALSE,
Vitis ficifolia f. glabrata,67,NA,FALSE,
Vitis wuhanensis,61,NA,FALSE,
Vitis jacquemontii,58,NA,FALSE,
Vitis flexuosa var. tsukubana,55,NA,FALSE,
Vitis coignetiae f. glabrescens,50,NA,FALSE,
Vitis davidi var. cyanocarpa,49,NA,FALSE,
Vitis amurensis var. coignetiae,45,NA,FALSE,
Vitis reticulata,44,NA,FALSE,
Vitis thunbergii var. sinuata,41,NA,FALSE,
Vitis coriacea,36,Vitis shuttleworthii,FALSE,
Vitis thunbergii var. adstricta,36,NA,FALSE,
Vitis davidi var. ferruginea,35,NA,FALSE,
Vitis piasezkii var. piasezkii,33,NA,FALSE,
Vitis berlandieri x vitis riparia,32,NA,FALSE,Vitis cinerea
Vitis linsecomii var. glauca,32,NA,FALSE,
Vitis adenoclada,30,NA,FALSE,
Vitis x goliath,30,NA,FALSE,
Vitis laciniosa,29,Vitis aestivalis,FALSE,
Vitis hui,28,NA,FALSE,
Vitis riparia subsp. longii,28,NA,FALSE,
Vitis shenxiensis,28,NA,FALSE,
Vitis wallichii,28,NA,FALSE,
Vitis arizonica var. glabra,27,NA,FALSE,
Vitis hybr,27,NA,FALSE,
Vitis parvifolia,27,NA,FALSE,
Vitis bryoniaefolia,25,NA,FALSE,
Vitis rupestris f. rupestris,25,Vitis rupestris,FALSE,
Vitis thunbergii var. taiwaniana,24,NA,FALSE,
Vitis ficifolia f. sinuata,23,NA,FALSE,
Vitis lincecumii var. glauca,23,NA,FALSE,
Muscadinia popenoei,22,Vitis popenoei,FALSE,
Vitis armata,22,NA,FALSE,
Vitis davidi var. davidi,21,NA,FALSE,
Vitis flexuosa f. parvifolia,21,NA,FALSE,
Vitis amurensis var. glabrescens,20,NA,FALSE,
Vitis capensis,20,NA,FALSE,
Vitis romanetii var. tomentosa,20,NA,FALSE,
Vitis amurensis var. shiragae,19,NA,FALSE,
Vitis smalliana,19,Vitis aestivalis,FALSE,
Vitis vinifera var. laciniosa,19,NA,FALSE,
Vitis x bacoi,19,NA,FALSE,
Vitis giradiana,18,NA,FALSE,
Vitis solonis,18,Vitis vulpina,FALSE,
Vitis vinifera var. alba,18,NA,FALSE,
Vitis kiusiana,16,NA,FALSE,
Vitis araneosa,15,Vitis aestivalis,FALSE,
Vitis coignetiae var. glabrescens,15,NA,FALSE,
Vitis labrusca var. subedentata,15,NA,FALSE,
Vitis pedicellata,15,NA,FALSE,
Vitis saccharifera var. yokogurana,15,NA,FALSE,
Vitis amurensis var. dissecta,14,NA,FALSE,
Vitis heyneana subsp. heyneana,14,NA,FALSE,
Vitis ruyuanensis,14,NA,FALSE,
Vitis vinifera var. muscatella,13,NA,FALSE,
Vitis aestivalis subsp. sola,12,NA,FALSE,
Vitis baihuashanensis,12,NA,FALSE,
Vitis latifolia,12,Vitis labrusca,FALSE,
Vitis pentagona var. bellula,12,NA,FALSE,
Vitis wilsonii,12,NA,FALSE,
Vitis x pulchra,12,NA,FALSE,
Vitis berlandieri var. tomentosa,11,Vitis cinerea | Vitis cinerea var. tomentosa,FALSE,
Vitis cebennensis,11,NA,FALSE,
Vitis cinerea var. berlandieri,11,NA,FALSE,
Vitis pentagona var. honanensis,11,NA,FALSE,
Vitis x bourquina,11,NA,FALSE,
Vitis fagifolia,10,NA,FALSE,
Vitis incisa,10,Vitis riparia,FALSE,
Vitis aestivalis var. smalliana,9,NA,FALSE,
Vitis bourquiniana,9,Vitis aestivalis,FALSE,
Vitis cinerea var. canescens,9,NA,FALSE,
Vitis fengqinensis,9,NA,FALSE,
Vitis lanata var. glabra,9,NA,FALSE,
Vitis pagnuccii,9,NA,FALSE,
Vitis pilosonerva,9,NA,FALSE,
Vitis vinifera var. apyrena,9,NA,FALSE,
Vitis x andersonii,9,NA,FALSE,
Vitis aestivalis var. cinerea,8,Vitis cinerea | Vitis cinerea var. cinerea,FALSE,
Vitis amurensis var. amurensis,8,NA,FALSE,
Vitis hekouensis,8,NA,FALSE,
Vitis helleri,8,Vitis cinerea,FALSE,
Vitis odoratissima,8,Vitis riparia,FALSE,
Vitis setosa,8,NA,FALSE,
Vitis vinifera var. sativa,8,NA,FALSE,
Vitis vinifera var. sylvestris,8,NA,FALSE,
Vitis x alexanderi,8,NA,FALSE,
Vitis x slavinii,8,Vitis aestivalis,FALSE,
Vitis bellula var. bellula,7,NA,FALSE,
Vitis flexuosa subsp. rufotomentosa,7,NA,FALSE,
Vitis fragilis,7,NA,FALSE,
Vitis thunbergii var. cinerea,7,NA,FALSE,
Vitis virginiensis,7,Vitis riparia,FALSE,
Vitis x gallica,7,NA,FALSE,
Vitis arachnoidea,6,Vitis tiliifolia,FALSE,
Vitis berlandieri x vitis rupestris,6,NA,FALSE,Vitis cinerea
Vitis cordifolia var. helleri,6,Vitis berlandieri,FALSE,
Vitis erythrophylla,6,NA,FALSE,
Vitis luochengensis,6,NA,FALSE,
Vitis menghaiensis,6,NA,FALSE,
Vitis rupestris var. dissecta,6,NA,FALSE,
Vitis serjaniaefolia,6,NA,FALSE,
Vitis vinifera var. grisea,6,NA,FALSE,
Vitis vinifera var. italica,6,NA,FALSE,
Vitis virginiana,6,Vitis aestivalis,FALSE,
Vitis aestivalis subsp. smalliana,5,NA,FALSE,
Vitis aestivalis var. bourquiniana,5,NA,FALSE,
Vitis bellula var. pubigera,5,NA,FALSE,
Vitis bosturgaiensis,5,NA,FALSE,
Vitis hissarica subsp. rechingeri,5,NA,FALSE,
Vitis jinggangensis,5,NA,FALSE,
Vitis obliqua,5,Vitis labrusca,FALSE,
Vitis pullaria,5,Vitis vulpina,FALSE,
Vitis riparia x vitis vinifera,5,NA,FALSE,
Vitis sinuata,5,Vitis aestivalis,FALSE,
Vitis vinifera var. apiana,5,NA,FALSE,
Vitis vinifera var. balbis,5,NA,FALSE,
Vitis vinifera var. purpurea,5,NA,FALSE,
Vitis wenchowensis,5,NA,FALSE,
Muscadinia rotundifolia var. munsoniana,4,NA,FALSE,
Vitis armata var. cyanocarpa,4,NA,FALSE,
Vitis embergeri,4,NA,FALSE,
Vitis obovata,4,Vitis labrusca,FALSE,
Vitis paulliniifolia,4,NA,FALSE,
Vitis repandospinulosa,4,NA,FALSE,
Vitis sieboldii,4,NA,FALSE,
Vitis thunbergii var. izu-insularis,4,NA,FALSE,
Vitis uvifera,4,NA,FALSE,
Vitis vinifera var. apiifolia,4,NA,FALSE,
Vitis x bourquiniana,4,NA,FALSE,
Vitis acerifolia x vitis riparia,3,NA,FALSE,
Vitis adstricta var. ternata,3,NA,FALSE,
Vitis balansana var. tomentosa,3,NA,FALSE,
Vitis berlandieri x vitis vinifera,3,NA,FALSE,Vitis cinerea
Vitis bloodwothiana,3,NA,FALSE,
Vitis gigas,3,Vitis aestivalis,FALSE,
Vitis kaempferi,3,NA,FALSE,
Vitis labrusca f. labrusca,3,Vitis labrusca,FALSE,
Vitis labrusca x vitis riparia,3,NA,FALSE,
Vitis marchandii,3,NA,FALSE,
Vitis mengziensis,3,NA,FALSE,
Vitis micrantha,3,NA,FALSE,
Vitis novomexicana,3,Vitis acerifolia,FALSE,
Vitis nuristanica,3,NA,FALSE,
Vitis praecox,3,NA,FALSE,
Vitis riparia var. palmata,3,NA,FALSE,
Vitis shizishanensis,3,NA,FALSE,
Vitis sinuosa,3,NA,FALSE,
Vitis sola,3,Vitis cinerea,FALSE,
Vitis vinifera var. tabacca,3,NA,FALSE,
Vitis vinifera var. vulpina,3,NA,FALSE,
Vitis aestivalis var. sinuata,2,NA,FALSE,
Vitis austrina,2,Vitis cinerea,FALSE,
Vitis balansana var. ficifolioides,2,NA,FALSE,
Vitis bryoniifolia var. bryoniifolia,2,NA,FALSE,
Vitis calliobotrys,2,NA,FALSE,
Vitis canescens,2,Vitis cinerea,FALSE,
Vitis catawba,2,Vitis labrusca,FALSE,
Vitis doniana,2,NA,FALSE,
Vitis intermedia,2,Vitis aestivalis,FALSE,
Vitis laxiflora,2,NA,FALSE,
Vitis lecontiana,2,Vitis aestivalis,FALSE,
Vitis linsecomii var. lactea,2,NA,FALSE,
Vitis nigra,2,NA,FALSE,
Vitis romanetii var. romanetii,2,NA,FALSE,
Vitis tenuifolia,2,Vitis labrusca,FALSE,
Vitis trichoclada,2,NA,FALSE,
Vitis vinifera var. albida,2,NA,FALSE,
Vitis vinifera var. amarula,2,NA,FALSE,
Vitis vinifera var. amurensis,2,NA,FALSE,
Vitis vinifera var. denticulata,2,NA,FALSE,
Vitis vinifera var. molonis,2,NA,FALSE,
Vitis vinifera var. pansa,2,NA,FALSE,
Vitis vinifera var. pellucida,2,NA,FALSE,
Vitis vinifera var. rupestris,2,NA,FALSE,
Vitis vulpina var. praecox,2,Vitis riparia,FALSE,
Vitis yunnanensis,2,NA,FALSE,
Vitis zhejiang-adstricta,2,NA,FALSE,
Vitis acida,1,NA,FALSE,
Vitis acuminata,1,Vitis tiliifolia,FALSE,
Vitis aestivalicordifolia,1,NA,FALSE,
Vitis aestivalis var. canescens,1,NA,FALSE,
Vitis aestivalis var. glauca,1,NA,FALSE,
Vitis amara,1,Vitis vulpina,FALSE,
Vitis americana,1,Vitis aestivalis,FALSE,
Vitis amoena,1,NA,FALSE,
Vitis blanda,1,Vitis labrusca,FALSE,
Vitis bryoniifolia var. ternata,1,NA,FALSE,
Vitis byzantina,1,NA,FALSE,
Vitis cavaleriei,1,NA,FALSE,
Vitis coffeaecarpa,1,NA,FALSE,
Vitis coffeicarpa,1,NA,FALSE,
Vitis crenata,1,NA,FALSE,
Vitis davidiana,1,NA,FALSE,
Vitis davidii var. brachytricha,1,NA,FALSE,
Vitis elegans,1,NA,FALSE,
Vitis ficifolia var. glabrata,1,NA,FALSE,
Vitis ficifolia var. thunbergii,1,NA,FALSE,
Vitis flexuosa var. choii,1,NA,FALSE,
Vitis flexuosa var. gaudichaudii,1,NA,FALSE,
Vitis flexuosa var. japonica,1,NA,FALSE,
Vitis flexuosa var. mairei,1,NA,FALSE,
Vitis hispida,1,NA,FALSE,
Vitis hissarica,1,NA,FALSE,
Vitis jinzhainensis,1,NA,FALSE,
Vitis labrusca f. alba,1,Vitis labrusca,FALSE,
Vitis labrusca var. aestivalis,1,Vitis aestivalis | Vitis aestivalis var. aestivalis,FALSE,
Vitis labrusca x vinifera,1,NA,FALSE,
Vitis lanata subsp. glabra,1,NA,FALSE,
Vitis longquanensis,1,NA,FALSE,
Vitis messelensis,1,NA,FALSE,
Vitis prunisapida,1,NA,FALSE,
Vitis qinlingensis,1,NA,FALSE,
Vitis quinquangularis var. bellula,1,NA,FALSE,
Vitis semiglabra,1,NA,FALSE,
Vitis shiragae,1,NA,FALSE,
Vitis thunbergii var. partita,1,NA,FALSE,
Vitis thunbergii var. yunnanensis,1,NA,FALSE,
Vitis tsukubana,1,NA,FALSE,
Vitis usunachmatica,1,NA,FALSE,
Vitis vinifera subsp. pendula,1,NA,FALSE,
Vitis vinifera var. acerbi,1,NA,FALSE,
Vitis vinifera var. baccata,1,NA,FALSE,
Vitis vinifera var. corinthiaca,1,NA,FALSE,
Vitis vinifera var. dulcis,1,NA,FALSE,
Vitis vinifera var. laciniata,1,NA,FALSE,
Vitis vinifera var. luneli,1,NA,FALSE,
Vitis vinifera var. macrophylla,1,NA,FALSE,
Vitis vinifera var. mollissima,1,NA,FALSE,
Vitis vinifera var. montana,1,NA,FALSE,
Vitis vinifera var. multiloba,1,NA,FALSE,
Vitis vinifera var. nigra,1,NA,FALSE,
Vitis vinifera var. pinea,1,NA,FALSE,
Vitis vinifera var. rara,1,NA,FALSE,
Vitis vinifera var. rotundifolia,1,Vitis rotundifolia,FALSE,
Vitis vinifera var. rubella,1,NA,FALSE,
Vitis vinifera var. rubra,1,NA,FALSE,
Vitis vulpina var. parvifolia,1,NA,FALSE,
Vitis vulpina var. riparia,1,NA,FALSE,
Vitis vulpina var. yzabalana,1,NA,FALSE,
Vitis wenxianensis,1,NA,FALSE,
Vitis wuhanensis var. arachnoidea,1,NA,FALSE,
Vitis x hispanica,1,NA,FALSE,
Vitis x isabellae,1,NA,FALSE,
Vitis x prolifera,1,NA,FALSE,
