name_concept,backbone_concept,scientificName,n
Vitis berlandieri,Vitis cinerea,Vitis berlandieri Planch.,740
<no concept>,Vitis tiliifolia,Vitis caribaea DC.,149
Vitis baileyana,Vitis cinerea,Vitis baileyana Munson,132
Vitis munsoniana,Vitis rotundifolia,Vitis munsoniana Simpson ex Munson,131
<no concept>,Vitis labrusca,Vitis × labruscana L.H.Bailey,106
Vitis lincecumii,Vitis aestivalis,Vitis lincecumii Buckley,102
Vitis simpsonii,Vitis cinerea,Vitis simpsonii Munson,95
Vitis lincecumii,Vitis aestivalis,Vitis linsecomii Buckley,71
Vitis munsoniana,Vitis rotundifolia,Vitis munsoniana J.H.Simpson ex Planch.,53
Vitis munsoniana,Vitis rotundifolia,Muscadinia munsoniana (J.H.Simpson ex Munson) Small,49
Vitis munsoniana,Vitis rotundifolia,Vitis munsoniana J.H.Simpson,47
<no concept>,Vitis shuttleworthii,Vitis coriacea Shuttlew. ex Planch.,36
<no concept>,Vitis aestivalis,Vitis bicolor Raf.,35
Vitis rufotomentosa,Vitis aestivalis,Vitis rufotomentosa Small,32
<no concept>,Vitis aestivalis,Vitis bicolor Leconte,27
<no concept>,Vitis aestivalis,Vitis bicolor J.Le Conte,25
<no concept>,Vitis rupestris,Vitis rupestris f. rupestris,25
<no concept>,Vitis popenoei,Muscadinia popenoei (J.L.Fennell) Weakley & Gandhi,22
Vitis labrusca,<no concept>,Vitis labrusca Thunb.,21
<no concept>,Vitis aestivalis,Vitis smalliana L.H.Bailey,19
<no concept>,Vitis vulpina,Vitis solonis Planch.,18
Vitis vulpina,<no concept>,Vitis cordifolia Roth ex Roem. & Schult.,13
<no concept>,Vitis aestivalis,Vitis araneosa J.Le Conte,12
<no concept>,Vitis labrusca,Vitis latifolia Raf.,12
<no concept>,Vitis cinerea | Vitis cinerea var. tomentosa,Vitis berlandieri var. tomentosa Planch.,11
<no concept>,Vitis riparia,Vitis incisa Jacq.,10
Vitis aestivalis | Vitis aestivalis var. bicolor,Vitis aestivalis,Vitis argentifolia Munson ex L.H.Bailey,10
<no concept>,Vitis aestivalis,Vitis bourquiniana Munson,9
<no concept>,Vitis labrusca,Vitis sylvestris Bartram ex le Conte,9
<no concept>,Vitis vulpina,Vitis sylvestris W.Bartram,9
<no concept>,Vitis aestivalis,Vitis × slavinii Rehder,8
<no concept>,Vitis cinerea,Vitis helleri (L.H.Bailey) Small,8
<no concept>,Vitis cinerea | Vitis cinerea var. cinerea,Vitis aestivalis var. cinerea Engelm.,8
<no concept>,Vitis riparia,Vitis odoratissima Donn,8
Vitis vulpina,Vitis labrusca,Vitis vulpina Bartram,7
<no concept>,Vitis berlandieri,Vitis cordifolia var. helleri L.H.Bailey,6
<no concept>,Vitis tiliifolia,Vitis arachnoidea Oerst.,6
Vitis palmata,Vitis labrusca,Vitis palmata Leconte,6
<no concept>,Vitis aestivalis,Vitis sinuata (Pursh) G.Don,5
<no concept>,Vitis labrusca,Vitis obliqua Raf.,5
<no concept>,Vitis vulpina,Vitis pullaria J.Le Conte,5
Vitis palmata,Vitis riparia,Vitis rubra Desf.,5
Vitis californica,Vitis arizonica,Vitis californica Parry,4
<no concept>,Vitis acerifolia,Vitis novomexicana Lemmon ex Munson,3
<no concept>,Vitis aestivalis,Vitis virginiana Poir.,3
<no concept>,Vitis cinerea,Vitis sola L.H.Bailey,3
<no concept>,Vitis cinerea,Vitis virginiana Munson,3
<no concept>,Vitis labrusca,Vitis labrusca f. labrusca,3
<no concept>,Vitis labrusca,Vitis obovata Raf.,3
Vitis riparia,<no concept>,Vitis vulpina subsp. riparia (Michx.) R.T.Clausen,3
<no concept>,Vitis aestivalis,Vitis intermedia Muhl.,2
<no concept>,Vitis aestivalis,Vitis lecontiana House,2
<no concept>,Vitis cinerea,Vitis austrina Small,2
<no concept>,Vitis cinerea,Vitis canescens G.Nicholson,2
<no concept>,Vitis labrusca,Vitis catawba K.Koch,2
<no concept>,Vitis labrusca,Vitis tenuifolia Leconte,2
<no concept>,Vitis riparia,Vitis vulpina var. praecox (Engelm. ex L.H.Bailey) L.H.Bailey,2
<no concept>,Vitis aestivalis,Vitis americana W.Bartram,1
<no concept>,Vitis aestivalis,Vitis gigas J.H.Fennel,1
<no concept>,Vitis aestivalis,Vitis laciniosa Marshall,1
<no concept>,Vitis aestivalis | Vitis aestivalis var. aestivalis,Vitis labrusca var. aestivalis (Michx.) Regel,1
<no concept>,Vitis labrusca,Vitis blanda Raf.,1
<no concept>,Vitis labrusca,Vitis labrusca f. alba (Prince) Fernald,1
<no concept>,Vitis riparia,Vitis virginiensis Juss. ex DC.,1
<no concept>,Vitis rotundifolia,Vitis vinifera var. rotundifolia (Michx.) Kuntze,1
<no concept>,Vitis tiliifolia,Vitis acuminata Oerst.,1
<no concept>,Vitis vulpina,Vitis amara Raf.,1
Vitis labrusca,<no concept>,Vitis labrusca Scop.,1
Vitis mustangensis,<no concept>,Vitis candicans var. diversa L.H.Bailey,1
Vitis vulpina,<no concept>,Vitis cordifolia var. sempervirens Munson,1
