kind,p_ver,p_sci,n
"same species, rank/infraspecific differs",Vitis vinifera subsp. vinifera,Vitis vinifera var. vinifera,7861
scientificName not parseable,Vitis i,NA,2507
scientificName not parseable,Vitis x interspecific,NA,1662
"same species, rank/infraspecific differs",Vitis vinifera,Vitis vinifera subsp. sylvestris,1660
scientificName not parseable,Vitis sp,NA,1653
"same species, rank/infraspecific differs",Vitis vinifera,Vitis vinifera var. vinifera,890
spelling normalised,Vitis davidii,Vitis davidi,757
"same species, rank/infraspecific differs",Vitis vinifera,Vitis vinifera var. orientalis,756
verbatim not parseable,NA,Vitis vinifera,657
"same species, rank/infraspecific differs",Vitis vinifera subsp. sativa,Vitis vinifera var. orientalis,591
scientificName not parseable,Vitis sativa,NA,500
"same species, rank/infraspecific differs",Vitis ficifolia,Vitis ficifolia var. lobata,453
"same species, rank/infraspecific differs",Vitis flexuosa,Vitis flexuosa var. flexuosa,352
"same species, rank/infraspecific differs",Vitis piasezkii var. pagnuccii,Vitis piasezkii var. pagnucii,331
"same species, rank/infraspecific differs",Vitis riparia,Vitis riparia subsp. riparia,234
scientificName not parseable,Vitis x vinicarpa,NA,221
"same species, rank/infraspecific differs",Vitis cinerea,Vitis cinerea var. floridana,184
"same species, rank/infraspecific differs",Vitis aestivalis subsp. aestivalis,Vitis aestivalis var. aestivalis,168
"same species, rank/infraspecific differs",Vitis ficifolia,Vitis ficifolia var. ficifolia,166
spelling normalised,Vitis novae-angliae,Vitis x novae-angliae,166
"same species, rank/infraspecific differs",Vitis saccharifera,Vitis saccharifera var. saccharifera,139
spelling normalised,Vitis tiliaefolia,Vitis tiliifolia,131
scientificName not parseable,Vitis compound,NA,120
"same species, rank/infraspecific differs",Vitis flexuosa,Vitis flexuosa var. rufotomentosa,115
"same species, rank/infraspecific differs",Vitis rotundifolia,Vitis rotundifolia var. munsoniana,111
"same species, rank/infraspecific differs",Vitis ficifolia,Vitis ficifolia var. sinuata,103
"same species, rank/infraspecific differs",Vitis rotundifolia,Vitis rotundifolia var. rotundifolia,84
scientificName not parseable,Vitis interspecific,NA,80
spelling normalised,Vitis balanseana,Vitis balansana,78
scientificName not parseable,Vitis xchampinii,NA,74
"same species, rank/infraspecific differs",Vitis aestivalis,Vitis aestivalis var. aestivalis,70
scientificName not parseable,Vitis spec,NA,69
"same species, rank/infraspecific differs",Vitis heyneana,Vitis heyneana subsp. ficifolia,68
"same species, rank/infraspecific differs",Vitis ficifolia,Vitis ficifolia var. izu-insularis,66
spelling normalised,Vitis labruscana,Vitis x labruscana,66
"same species, rank/infraspecific differs",Vitis cinerea,Vitis cinerea var. cinerea,57
"same species, rank/infraspecific differs",Vitis flexuosa var. malaiana,Vitis flexuosa,57
"same species, rank/infraspecific differs",Vitis ficifolia,Vitis ficifolia f. glabrata,54
"same species, rank/infraspecific differs",Vitis flexuosa,Vitis flexuosa var. tsukubana,51
"same species, rank/infraspecific differs",Vitis vinifera,Vitis vinifera subsp. sativa,46
"same species, rank/infraspecific differs",Vitis aestivalis,Vitis aestivalis var. lincecumii,45
"same species, rank/infraspecific differs",Muscadinia rotundifolia var. rotundifolia,Muscadinia rotundifolia,44
"same species, rank/infraspecific differs",Vitis coignetiae,Vitis coignetiae f. glabrescens,43
spelling normalised,Vitis champinii,Vitis x champinii,42
"same species, rank/infraspecific differs",Vitis thunbergii var. thunbergii,Vitis thunbergii,39
"same species, rank/infraspecific differs",Vitis aestivalis,Vitis aestivalis var. bicolor,37
spelling normalised,Vitis davidii var. cyanocarpa,Vitis davidi var. cyanocarpa,37
spelling normalised,Vitis doaniana,Vitis x doaniana,37
"same species, rank/infraspecific differs",Vitis aestivalis subsp. linsecomii,Vitis aestivalis var. linsecomii,35
"same species, rank/infraspecific differs",Vitis monticola subsp. arizonica,Vitis monticola,34
scientificName not parseable,Vitis vinifera,NA,33
spelling normalised,Vitis davidii var. ferruginea,Vitis davidi var. ferruginea,33
"same species, rank/infraspecific differs",Vitis rupestris,Vitis rupestris f. rupestris,25
scientificName not parseable,Vitis mesoamericana,NA,25
scientificName not parseable,Vitis xnovae-angliae,NA,23
"same species, rank/infraspecific differs",Vitis ficifolia,Vitis ficifolia f. sinuata,22
"same species, rank/infraspecific differs",Vitis riparia var. riparia,Vitis riparia subsp. riparia,22
"same species, rank/infraspecific differs",Vitis thunbergii,Vitis thunbergii var. taiwaniana,22
"same species, rank/infraspecific differs",Vitis cinerea,Vitis cinerea var. baileyana,21
"same species, rank/infraspecific differs",Vitis amurensis,Vitis amurensis var. glabrescens,20
"same species, rank/infraspecific differs",Vitis coignetiae var. coignetiae,Vitis coignetiae,20
"same species, rank/infraspecific differs",Vitis monticola subsp. monticola,Vitis monticola,17
"same species, rank/infraspecific differs",Vitis vinifera,Vitis vinifera var. alba,17
verbatim not parseable,NA,Vitis riparia,17
"same species, rank/infraspecific differs",Vitis rotundifolia,Vitis rotundifolia var. pygmaea,16
scientificName not parseable,Vitis xdoaniana,NA,16
scientificName not parseable,Vitis yeshanensis,NA,16
spelling normalised,Vitis blancoii,Vitis blancoi,16
verbatim not parseable,NA,Vitis sylvestris,16
verbatim not parseable,NA,Vitis x labruscana,16
"same species, rank/infraspecific differs",Vitis aestivalis subsp. rufotomentosa,Vitis aestivalis,15
"same species, rank/infraspecific differs",Vitis saccharifera,Vitis saccharifera var. yokogurana,15
scientificName not parseable,Vitis cignetiae,NA,15
spelling normalised,Vitis davidii var. davidii,Vitis davidi var. davidi,15
spelling normalised,Vitis piaseckii,Vitis piasezkii,15
scientificName not parseable,Vitis rufotomentosa,NA,14
spelling normalised,Vitis romaneti,Vitis romanetii,14
"same species, rank/infraspecific differs",Vitis amurensis,Vitis amurensis var. dissecta,13
"same species, rank/infraspecific differs",Vitis flexuosa var. rufo-tomentosa,Vitis flexuosa var. rufotomentosa,13
"same species, rank/infraspecific differs",Vitis vinifera,Vitis vinifera var. muscatella,13
scientificName not parseable,Vitis pauciflora,NA,13
"same species, rank/infraspecific differs",Vitis labrusca var. japonica,Vitis labrusca,12
spelling normalised,Vitis wilsonae,Vitis wilsonii,12
"same species, rank/infraspecific differs",Vitis arizonica var. arizonica,Vitis arizonica,11
"same species, rank/infraspecific differs",Vitis lincecumii,Vitis lincecumii var. glauca,11
spelling normalised,Vitis retordi,Vitis retordii,10
spelling normalised,Vitis silvestris,Vitis sylvestris,10
verbatim not parseable,NA,Vitis labrusca,10
"same species, rank/infraspecific differs",Vitis amurensis,Vitis amurensis var. shiragae,9
scientificName not parseable,Vitis spp,NA,9
spelling normalised,Vitis koberi,Vitis x koberi,9
"same species, rank/infraspecific differs",Vitis aestivalis subsp. simpsoni,Vitis aestivalis,8
"same species, rank/infraspecific differs",Vitis amurensis,Vitis amurensis var. amurensis,8
"same species, rank/infraspecific differs",Vitis cinerea,Vitis cinerea var. helleri,8
"same species, rank/infraspecific differs",Vitis flexuosa,Vitis flexuosa var. parvifolia,8
"same species, rank/infraspecific differs",Vitis vinifera,Vitis vinifera var. apyrena,8
"same species, rank/infraspecific differs",Vitis vinifera,Vitis vinifera var. sativa,8
scientificName not parseable,Vitis cephalantha,NA,8
scientificName not parseable,Vitis cfr,NA,8
scientificName not parseable,Vitis sinocera,NA,8
scientificName not parseable,Vitis spaldingii,NA,8
spelling normalised,Vitis tsoii,Vitis tsoi,8
verbatim not parseable,NA,Vitis tiliifolia,8
"same species, rank/infraspecific differs",Vitis coignetiae,Vitis coignetiae var. glabrescens,7
"same species, rank/infraspecific differs",Vitis flexuosa var. purpruata,Vitis flexuosa,7
"same species, rank/infraspecific differs",Vitis munsoniana f. pygmaea,Vitis munsoniana,7
scientificName not parseable,Vitis laciniosa,NA,7
scientificName not parseable,Vitis xslavinii,NA,7
spelling normalised,Vitis bourquina,Vitis x bourquina,7
spelling normalised,Vitis pulchra,Vitis x pulchra,7
spelling normalised,Vitis slavinii,Vitis x slavinii,7
verbatim not parseable,NA,Vitis balansaeana,7
different name,Vitis davidii,Vitis davidi var. cyanocarpa,6
different name,Vitis davidii,Vitis davidi var. davidi,6
"same species, rank/infraspecific differs",Vitis romanetii var. glabrecens,Vitis romanetii,6
"same species, rank/infraspecific differs",Vitis vinifera,Vitis vinifera var. grisea,6
"same species, rank/infraspecific differs",Vitis vinifera,Vitis vinifera var. italica,6
"same species, rank/infraspecific differs",Vitis vinifera,Vitis vinifera var. sylvestris,6
scientificName not parseable,Vitis aestivalis,NA,6
scientificName not parseable,Vitis cracca,NA,6
scientificName not parseable,Vitis indet,NA,6
scientificName not parseable,Vitis lambrusca,NA,6
spelling normalised,Vitis amurenensis,Vitis amurensis,6
spelling normalised,Vitis andersonii,Vitis x andersonii,6
verbatim not parseable,NA,Vitis vinifera var. vinifera,6
"same species, rank/infraspecific differs",Vitis aestivalis,Vitis aestivalis var. argentifolia,5
"same species, rank/infraspecific differs",Vitis amurensis var. shiragai,Vitis amurensis var. shiragae,5
"same species, rank/infraspecific differs",Vitis quinquangularis var. adenoclata,Vitis quinquangularis,5
"same species, rank/infraspecific differs",Vitis vinifera,Vitis vinifera var. apiana,5
"same species, rank/infraspecific differs",Vitis vinifera,Vitis vinifera var. balbis,5
"same species, rank/infraspecific differs",Vitis wuhanensis var. tomentosa,Vitis wuhanensis,5
scientificName not parseable,Vitis fuliginosa,NA,5
scientificName not parseable,Vitis lienshanensis,NA,5
scientificName not parseable,Vitis shunensis,NA,5
spelling normalised,Vitis x champini,Vitis x champinii,5
verbatim not parseable,NA,Vitis romanetii,5
verbatim not parseable,NA,Vitis rotundifolia,5
"same species, rank/infraspecific differs",Vitis ficifolia var. izuinsularis,Vitis ficifolia var. izu-insularis,4
"same species, rank/infraspecific differs",Vitis flexuosa var. truncata,Vitis flexuosa,4
"same species, rank/infraspecific differs",Vitis piasezkii,Vitis piasezkii var. piasezkii,4
"same species, rank/infraspecific differs",Vitis quinquangularis var. honanensis,Vitis quinquangularis,4
"same species, rank/infraspecific differs",Vitis vinifera subsp. caucasica,Vitis vinifera,4
scientificName not parseable,Vitis byei,NA,4
scientificName not parseable,Vitis cv,NA,4
scientificName not parseable,Vitis titanophila,NA,4
scientificName not parseable,Vitis unijuga,NA,4
scientificName not parseable,Vitis xalexanderi,NA,4
spelling normalised,Vitis bourquiniana,Vitis x bourquiniana,4
spelling normalised,Vitis quinquanqularis,Vitis quinquangularis,4
verbatim not parseable,NA,Vitis aestivalis,4
verbatim not parseable,NA,Vitis arizonica,4
verbatim not parseable,NA,Vitis californica,4
verbatim not parseable,NA,Vitis cordifolia,4
verbatim not parseable,NA,Vitis flexuosa,4
verbatim not parseable,NA,Vitis laciniosa,4
different name,Vitis sinensis,Vitis sinuosa,3
"same species, rank/infraspecific differs",Vitis aestivalis var. argentea,Vitis aestivalis,3
"same species, rank/infraspecific differs",Vitis labrusca,Vitis labrusca f. labrusca,3
"same species, rank/infraspecific differs",Vitis thunbergii,Vitis thunbergii var. adstricta,3
"same species, rank/infraspecific differs",Vitis thunbergii,Vitis thunbergii var. izu-insularis,3
"same species, rank/infraspecific differs",Vitis vinifera,Vitis vinifera var. tabacca,3
"same species, rank/infraspecific differs",Vitis vinifera,Vitis vinifera var. vulpina,3
"same species, rank/infraspecific differs",Vitis vinifera var. appifolia,Vitis vinifera var. apiifolia,3
scientificName not parseable,Vitis coffeaespermum,NA,3
scientificName not parseable,Vitis indica,NA,3
scientificName not parseable,Vitis japonica,NA,3
scientificName not parseable,Vitis muliensis,NA,3
scientificName not parseable,Vitis quinqunglaria,NA,3
scientificName not parseable,Vitis schischkinii,NA,3
scientificName not parseable,Vitis sylvestris,NA,3
spelling normalised,Vitis cinera,Vitis cinerea,3
verbatim not parseable,NA,Vitis amurensis,3
verbatim not parseable,NA,Vitis berlandieri,3
verbatim not parseable,NA,Vitis cinerea,3
verbatim not parseable,NA,Vitis mustangensis,3
verbatim not parseable,NA,Vitis rubra,3
different name,Vitis davidii var. shennongjiaensis,Vitis davidi,2
different name,Vitis monticolia subsp. arizonica,Vitis monticola,2
different name,Vitis piazeckii var. pagnucci,Vitis piasezkii var. pagnucii,2
different name,Vitis roman,Vitis romanetii,2
"same species, rank/infraspecific differs",Vitis aestivalis,Vitis aestivalis var. linsecomii,2
"same species, rank/infraspecific differs",Vitis flexuosa,Vitis flexuosa f. parvifolia,2
"same species, rank/infraspecific differs",Vitis flexuosa,Vitis flexuosa subsp. rufotomentosa,2
"same species, rank/infraspecific differs",Vitis flexuosa var. grosse-serrata,Vitis flexuosa,2
"same species, rank/infraspecific differs",Vitis flexuosa var. mallaiana,Vitis flexuosa,2
"same species, rank/infraspecific differs",Vitis flexuosa var. parviflora,Vitis flexuosa var. parvifolia,2
"same species, rank/infraspecific differs",Vitis heyneana var. heyneana,Vitis heyneana subsp. heyneana,2
"same species, rank/infraspecific differs",Vitis riparia var. acerifolia,Vitis riparia,2
"same species, rank/infraspecific differs",Vitis romanetii,Vitis romanetii var. romanetii,2
"same species, rank/infraspecific differs",Vitis romanetii,Vitis romanetii var. tomentosa,2
"same species, rank/infraspecific differs",Vitis romanetii var. glabrescens,Vitis romanetii,2
"same species, rank/infraspecific differs",Vitis shenxiensis var. baojiensis,Vitis shenxiensis,2
"same species, rank/infraspecific differs",Vitis thunbergii var. glabrata,Vitis thunbergii,2
"same species, rank/infraspecific differs",Vitis vinifera,Vitis vinifera var. albida,2
"same species, rank/infraspecific differs",Vitis vinifera,Vitis vinifera var. amarula,2
"same species, rank/infraspecific differs",Vitis vinifera,Vitis vinifera var. molonis,2
"same species, rank/infraspecific differs",Vitis vinifera,Vitis vinifera var. pansa,2
"same species, rank/infraspecific differs",Vitis vinifera var. anomala,Vitis vinifera,2
"same species, rank/infraspecific differs",Vitis vinifera var. autumnalis,Vitis vinifera,2
"same species, rank/infraspecific differs",Vitis vinifera var. ignobilis,Vitis vinifera,2
"same species, rank/infraspecific differs",Vitis vinifera var. mollis,Vitis vinifera,2
"same species, rank/infraspecific differs",Vitis wilsonae var. reticulata,Vitis wilsonae,2
scientificName not parseable,Vitis bipindensis,NA,2
scientificName not parseable,Vitis canseolaris,NA,2
scientificName not parseable,Vitis caucasica,NA,2
scientificName not parseable,Vitis cinnamochroa,NA,2
scientificName not parseable,Vitis densifructus,NA,2
scientificName not parseable,Vitis esaso,NA,2
scientificName not parseable,Vitis flavescenti-virescens,NA,2
scientificName not parseable,Vitis fulvotomentosa,NA,2
scientificName not parseable,Vitis graebneriana,NA,2
scientificName not parseable,Vitis labrusca,NA,2
scientificName not parseable,Vitis lianshanensis,NA,2
scientificName not parseable,Vitis martineziana,NA,2
scientificName not parseable,Vitis nobilis,NA,2
scientificName not parseable,Vitis obliquifolia,NA,2
scientificName not parseable,Vitis piloso,NA,2
scientificName not parseable,Vitis sericea,NA,2
scientificName not parseable,Vitis shennongliaensis,NA,2
scientificName not parseable,Vitis sichuanica,NA,2
scientificName not parseable,Vitis solonis,NA,2
scientificName not parseable,Vitis speciosa,NA,2
scientificName not parseable,Vitis titanea,NA,2
scientificName not parseable,Vitis tsoongii,NA,2
spelling normalised,Vitis balanseana var. tomentosa,Vitis balansana var. tomentosa,2
spelling normalised,Vitis piloso-nervia,Vitis pilosonerva,2
spelling normalised,Vitis reparia,Vitis riparia,2
verbatim not parseable,NA,Vitis adstricta,2
verbatim not parseable,NA,Vitis armata,2
verbatim not parseable,NA,Vitis betulifolia,2
verbatim not parseable,NA,Vitis candicans,2
verbatim not parseable,NA,Vitis coignetiae,2
verbatim not parseable,NA,Vitis embergeri,2
verbatim not parseable,NA,Vitis girdiana,2
verbatim not parseable,NA,Vitis hybr,2
verbatim not parseable,NA,Vitis linsecomii,2
verbatim not parseable,NA,Vitis monticola,2
verbatim not parseable,NA,Vitis palmata,2
verbatim not parseable,NA,Vitis pentagona,2
verbatim not parseable,NA,Vitis piasezkii,2
verbatim not parseable,NA,Vitis piasezkii var. pagnucii,2
verbatim not parseable,NA,Vitis rupestris,2
verbatim not parseable,NA,Vitis simpsonii,2
verbatim not parseable,NA,Vitis tenuifolia,2
verbatim not parseable,NA,Vitis thunbergii,2
verbatim not parseable,NA,Vitis vinifera var. rupestris,2
verbatim not parseable,NA,Vitis vulpina,2
verbatim not parseable,NA,Vitis x doaniana,2
different name,Vitis aff,Vitis californica,1
different name,Vitis australis,Vitis austrina,1
different name,Vitis cf,Vitis heyneana subsp. heyneana,1
different name,Vitis flexnosa,Vitis flexuosa var. rufotomentosa,1
different name,Vitis piaseckii,Vitis piasezkii var. pagnucii,1
different name,Vitis x hybrida,Vitis hybr,1
"same species, rank/infraspecific differs",Vitis aestivalis var. sola,Vitis aestivalis subsp. sola,1
"same species, rank/infraspecific differs",Vitis bryoniaefolia var. pubescens,Vitis bryoniaefolia,1
"same species, rank/infraspecific differs",Vitis ficifolia var. ganebu,Vitis ficifolia,1
"same species, rank/infraspecific differs",Vitis flexuosa,Vitis flexuosa var. gaudichaudii,1
"same species, rank/infraspecific differs",Vitis flexuosa subsp. rufo-tomentosa,Vitis flexuosa subsp. rufotomentosa,1
"same species, rank/infraspecific differs",Vitis flexuosa subsp. rufotomentosa,Vitis flexuosa var. rufotomentosa,1
"same species, rank/infraspecific differs",Vitis flexuosa var. malleinna,Vitis flexuosa,1
"same species, rank/infraspecific differs",Vitis flexuosa var. setulosa,Vitis flexuosa,1
"same species, rank/infraspecific differs",Vitis jacquemontii var. glabra,Vitis jacquemontii,1
"same species, rank/infraspecific differs",Vitis labrusca f. chinensis,Vitis labrusca,1
"same species, rank/infraspecific differs",Vitis labrusca f. isabella,Vitis labrusca,1
"same species, rank/infraspecific differs",Vitis labrusca var. typica-latifolia,Vitis labrusca,1
"same species, rank/infraspecific differs",Vitis obliqua var. obata,Vitis obliqua,1
"same species, rank/infraspecific differs",Vitis pentagona var. lelluta,Vitis pentagona,1
"same species, rank/infraspecific differs",Vitis piasezkii,Vitis piasezkii var. pagnucii,1
"same species, rank/infraspecific differs",Vitis riparia var. vulpina,Vitis riparia,1
"same species, rank/infraspecific differs",Vitis rotundifolia subsp. munsoniana,Vitis rotundifolia var. munsoniana,1
"same species, rank/infraspecific differs",Vitis thunbergii var. nistrieta,Vitis thunbergii,1
"same species, rank/infraspecific differs",Vitis thunbergii var. rinnata,Vitis thunbergii,1
"same species, rank/infraspecific differs",Vitis tsoi var. truncata,Vitis tsoi,1
"same species, rank/infraspecific differs",Vitis vinifera,Vitis vinifera var. apiifolia,1
"same species, rank/infraspecific differs",Vitis vinifera,Vitis vinifera var. baccata,1
"same species, rank/infraspecific differs",Vitis vinifera,Vitis vinifera var. corinthiaca,1
"same species, rank/infraspecific differs",Vitis vinifera,Vitis vinifera var. dulcis,1
"same species, rank/infraspecific differs",Vitis vinifera,Vitis vinifera var. laciniata,1
"same species, rank/infraspecific differs",Vitis vinifera,Vitis vinifera var. luneli,1
"same species, rank/infraspecific differs",Vitis vinifera,Vitis vinifera var. montana,1
"same species, rank/infraspecific differs",Vitis vinifera,Vitis vinifera var. pinea,1
"same species, rank/infraspecific differs",Vitis vinifera subsp. silvestris,Vitis vinifera subsp. sylvestris,1
"same species, rank/infraspecific differs",Vitis vinifera var. aberrans,Vitis vinifera,1
"same species, rank/infraspecific differs",Vitis vinifera var. acerba,Vitis vinifera var. acerbi,1
"same species, rank/infraspecific differs",Vitis vinifera var. acidula,Vitis vinifera,1
"same species, rank/infraspecific differs",Vitis vinifera var. albicans,Vitis vinifera,1
"same species, rank/infraspecific differs",Vitis vinifera var. bullata,Vitis vinifera,1
"same species, rank/infraspecific differs",Vitis vinifera var. coloratus,Vitis vinifera,1
"same species, rank/infraspecific differs",Vitis vinifera var. conferta,Vitis vinifera,1
"same species, rank/infraspecific differs",Vitis vinifera var. crescencii,Vitis vinifera,1
"same species, rank/infraspecific differs",Vitis vinifera var. decipiens,Vitis vinifera,1
"same species, rank/infraspecific differs",Vitis vinifera var. diversifolia,Vitis vinifera,1
"same species, rank/infraspecific differs",Vitis vinifera var. dulcissima,Vitis vinifera,1
"same species, rank/infraspecific differs",Vitis vinifera var. erectiuscula,Vitis vinifera,1
"same species, rank/infraspecific differs",Vitis vinifera var. eximia,Vitis vinifera,1
"same species, rank/infraspecific differs",Vitis vinifera var. exquisita,Vitis vinifera,1
"same species, rank/infraspecific differs",Vitis vinifera var. fallax,Vitis vinifera,1
"same species, rank/infraspecific differs",Vitis vinifera var. fecunda,Vitis vinifera,1
"same species, rank/infraspecific differs",Vitis vinifera var. ferax,Vitis vinifera,1
"same species, rank/infraspecific differs",Vitis vinifera var. fertilis,Vitis vinifera,1
"same species, rank/infraspecific differs",Vitis vinifera var. firmissima,Vitis vinifera,1
"same species, rank/infraspecific differs",Vitis vinifera var. fissilis,Vitis vinifera,1
"same species, rank/infraspecific differs",Vitis vinifera var. flava,Vitis vinifera,1
"same species, rank/infraspecific differs",Vitis vinifera var. florentissima,Vitis vinifera,1
"same species, rank/infraspecific differs",Vitis vinifera var. floribunda,Vitis vinifera,1
"same species, rank/infraspecific differs",Vitis vinifera var. fragilis,Vitis vinifera,1
"same species, rank/infraspecific differs",Vitis vinifera var. fumosa,Vitis vinifera,1
"same species, rank/infraspecific differs",Vitis vinifera var. galana,Vitis vinifera,1
"same species, rank/infraspecific differs",Vitis vinifera var. generosa,Vitis vinifera,1
"same species, rank/infraspecific differs",Vitis vinifera var. glabriuscula,Vitis vinifera,1
"same species, rank/infraspecific differs",Vitis vinifera var. gracilis,Vitis vinifera,1
"same species, rank/infraspecific differs",Vitis vinifera var. grandis,Vitis vinifera,1
"same species, rank/infraspecific differs",Vitis vinifera var. indecora,Vitis vinifera,1
"same species, rank/infraspecific differs",Vitis vinifera var. intermedia,Vitis vinifera,1
"same species, rank/infraspecific differs",Vitis vinifera var. issophylla,Vitis vinifera,1
"same species, rank/infraspecific differs",Vitis vinifera var. jucunda,Vitis vinifera,1
"same species, rank/infraspecific differs",Vitis vinifera var. lacrymosa,Vitis vinifera,1
"same species, rank/infraspecific differs",Vitis vinifera var. longa,Vitis vinifera,1
"same species, rank/infraspecific differs",Vitis vinifera var. martinezii,Vitis vinifera,1
"same species, rank/infraspecific differs",Vitis vinifera var. moschata,Vitis vinifera,1
"same species, rank/infraspecific differs",Vitis vinifera var. nigerrima,Vitis vinifera var. nigra,1
"same species, rank/infraspecific differs",Vitis vinifera var. nigrescens,Vitis vinifera,1
"same species, rank/infraspecific differs",Vitis vinifera var. nigricans,Vitis vinifera,1
"same species, rank/infraspecific differs",Vitis vinifera var. obovata,Vitis vinifera,1
"same species, rank/infraspecific differs",Vitis vinifera var. orchidea,Vitis vinifera,1
"same species, rank/infraspecific differs",Vitis vinifera var. ovata,Vitis vinifera,1
"same species, rank/infraspecific differs",Vitis vinifera var. pauperrima,Vitis vinifera,1
"same species, rank/infraspecific differs",Vitis vinifera var. pensilis,Vitis vinifera subsp. pendula,1
"same species, rank/infraspecific differs",Vitis vinifera var. praegrandis,Vitis vinifera,1
"same species, rank/infraspecific differs",Vitis vinifera var. prolifera,Vitis vinifera,1
"same species, rank/infraspecific differs",Vitis vinifera var. prostrata,Vitis vinifera,1
"same species, rank/infraspecific differs",Vitis vinifera var. racemosissima,Vitis vinifera,1
"same species, rank/infraspecific differs",Vitis vinifera var. regalis,Vitis vinifera,1
"same species, rank/infraspecific differs",Vitis vinifera var. ruizia,Vitis vinifera,1
"same species, rank/infraspecific differs",Vitis vinifera var. sinuosa,Vitis vinifera,1
"same species, rank/infraspecific differs",Vitis vinifera var. soti,Vitis vinifera,1
"same species, rank/infraspecific differs",Vitis vinifera var. speciosa,Vitis vinifera,1
"same species, rank/infraspecific differs",Vitis vinifera var. subacida,Vitis vinifera,1
"same species, rank/infraspecific differs",Vitis vinifera var. subaurata,Vitis vinifera,1
"same species, rank/infraspecific differs",Vitis vinifera var. subcompressa,Vitis vinifera,1
"same species, rank/infraspecific differs",Vitis vinifera var. subdulcis,Vitis vinifera,1
"same species, rank/infraspecific differs",Vitis vinifera var. sulcata,Vitis vinifera,1
"same species, rank/infraspecific differs",Vitis vinifera var. sylvatica,Vitis vinifera,1
"same species, rank/infraspecific differs",Vitis vinifera var. sylvestris,Vitis vinifera subsp. sylvestris,1
"same species, rank/infraspecific differs",Vitis vinifera var. tenera,Vitis vinifera,1
"same species, rank/infraspecific differs",Vitis vinifera var. terana,Vitis vinifera,1
"same species, rank/infraspecific differs",Vitis vinifera var. turgens,Vitis vinifera,1
"same species, rank/infraspecific differs",Vitis vinifera var. valida,Vitis vinifera,1
"same species, rank/infraspecific differs",Vitis vinifera var. varians,Vitis vinifera,1
"same species, rank/infraspecific differs",Vitis vinifera var. venatorum,Vitis vinifera,1
"same species, rank/infraspecific differs",Vitis vinifera var. viridis,Vitis vinifera,1
"same species, rank/infraspecific differs",Vitis vinifera var. ximenecia,Vitis vinifera,1
"same species, rank/infraspecific differs",Vitis vulpina,Vitis vulpina subsp. riparia,1
scientificName not parseable,Muscadinia rotundifolia,NA,1
scientificName not parseable,Vitis aestrolis,NA,1
scientificName not parseable,Vitis all,NA,1
scientificName not parseable,Vitis amaliana,NA,1
scientificName not parseable,Vitis amurensisxrupestris,NA,1
scientificName not parseable,Vitis aphylla,NA,1
scientificName not parseable,Vitis arum,NA,1
scientificName not parseable,Vitis azurea,NA,1
scientificName not parseable,Vitis bieoloraleomte,NA,1
scientificName not parseable,Vitis brandtiana,NA,1
scientificName not parseable,Vitis caudata,NA,1
scientificName not parseable,Vitis ceilanica,NA,1
scientificName not parseable,Vitis chiaisii,NA,1
scientificName not parseable,Vitis chinensis,NA,1
scientificName not parseable,Vitis coilsonae,NA,1
scientificName not parseable,Vitis dioica,NA,1
scientificName not parseable,Vitis dusenii,NA,1
scientificName not parseable,Vitis erythranthe,NA,1
scientificName not parseable,Vitis erythroricarpa,NA,1
scientificName not parseable,Vitis finifera,NA,1
scientificName not parseable,Vitis fulvatomentosa,NA,1
scientificName not parseable,Vitis gibba,NA,1
scientificName not parseable,Vitis gossypifolius,NA,1
scientificName not parseable,Vitis grabneriana,NA,1
scientificName not parseable,Vitis graveolens,NA,1
scientificName not parseable,Vitis guineensis,NA,1
scientificName not parseable,Vitis hangzhouensis,NA,1
scientificName not parseable,Vitis harmonica,NA,1
scientificName not parseable,Vitis laciniata,NA,1
scientificName not parseable,Vitis lastellei,NA,1
scientificName not parseable,Vitis laxifructus,NA,1
scientificName not parseable,Vitis longicuspidata,NA,1
scientificName not parseable,Vitis merrillii,NA,1
scientificName not parseable,Vitis nomanetii,NA,1
scientificName not parseable,Vitis parvifolia,NA,1
scientificName not parseable,Vitis platyphlla,NA,1
scientificName not parseable,Vitis pyramidatus,NA,1
scientificName not parseable,Vitis quadrangifolia,NA,1
scientificName not parseable,Vitis quinguanguarlis,NA,1
scientificName not parseable,Vitis quiquinquangularis,NA,1
scientificName not parseable,Vitis rentagoma,NA,1
scientificName not parseable,Vitis revoilii,NA,1
scientificName not parseable,Vitis rivularis,NA,1
scientificName not parseable,Vitis robusta,NA,1
scientificName not parseable,Vitis sauvignon,NA,1
scientificName not parseable,Vitis sculenta,NA,1
scientificName not parseable,Vitis sempervirens,NA,1
scientificName not parseable,Vitis shizhungensis,NA,1
scientificName not parseable,Vitis spliniana,NA,1
scientificName not parseable,Vitis titanae,NA,1
scientificName not parseable,Vitis turneri,NA,1
scientificName not parseable,Vitis var,NA,1
scientificName not parseable,Vitis vilsonae,NA,1
scientificName not parseable,Vitis viridis,NA,1
spelling normalised,Muscadinia munsonia,Muscadinia munsoniana,1
spelling normalised,Vitis adsticta,Vitis adstricta,1
spelling normalised,Vitis aestiualis,Vitis aestivalis,1
spelling normalised,Vitis aestivali-cordifolia,Vitis aestivalicordifolia,1
spelling normalised,Vitis balansae,Vitis balansana,1
spelling normalised,Vitis balansiana,Vitis balansana,1
spelling normalised,Vitis berandieri,Vitis berlandieri,1
spelling normalised,Vitis berlanderi,Vitis berlandieri,1
spelling normalised,Vitis californiaca,Vitis californica,1
spelling normalised,Vitis caribea,Vitis caribaea,1
spelling normalised,Vitis cinera var. floridana,Vitis cinerea var. floridana,1
spelling normalised,Vitis cinera var. helleri,Vitis cinerea var. helleri,1
spelling normalised,Vitis coingnetiae,Vitis coignetiae,1
spelling normalised,Vitis ficifolio,Vitis ficifolia,1
spelling normalised,Vitis laciniata,Vitis laciniosa,1
spelling normalised,Vitis mustanguensis,Vitis mustangensis,1
spelling normalised,Vitis novo-mexicana,Vitis novomexicana,1
spelling normalised,Vitis pagnucci,Vitis pagnuccii,1
spelling normalised,Vitis paullinifolia,Vitis paulliniifolia,1
spelling normalised,Vitis riparis,Vitis riparia,1
spelling normalised,Vitis saccharfera,Vitis saccharifera,1
spelling normalised,Vitis saclkarifera,Vitis saccharifera,1
spelling normalised,Vitis thunbergia,Vitis thunbergii,1
spelling normalised,Vitis tilifolia,Vitis tiliifolia,1
spelling normalised,Vitis viniefera,Vitis vinifera,1
spelling normalised,Vitis vinivera,Vitis vinifera,1
spelling normalised,Vitis x vinifera,Vitis vinifera,1
verbatim not parseable,NA,Vitis bourgaeana,1
verbatim not parseable,NA,Vitis bryoniifolia var. bryoniifolia,1
verbatim not parseable,NA,Vitis cinerea var. baileyana,1
verbatim not parseable,NA,Vitis davidi,1
verbatim not parseable,NA,Vitis heyneana,1
verbatim not parseable,NA,Vitis heyneana subsp. ficifolia,1
verbatim not parseable,NA,Vitis virginiana,1
verbatim not parseable,NA,Vitis x alexanderi,1
verbatim not parseable,NA,Vitis x champinii,1
verbatim not parseable,NA,Vitis x novae-angliae,1
