taxon,presenceRows,spatialPts,presenceNotInSpatial,spatialNotInPresence
Vitis monticola,421,405,17,0
Vitis mustangensis,7960,8088,15,143
Vitis martineziana,3,12,3,12
Vitis acerifolia,327,327,0,0
Vitis aestivalis,4642,4847,0,205
Vitis aestivalis var. aestivalis,325,339,0,14
Vitis aestivalis var. bicolor,454,455,0,1
Vitis arizonica,2425,2425,0,0
Vitis baileyana,92,93,0,1
Vitis berlandieri,292,292,0,0
Vitis biformis,24,24,0,0
Vitis blancoi,31,31,0,0
Vitis bloodworthiana,63,63,0,0
Vitis bourgaeana,293,305,0,12
Vitis californica,1838,1845,0,7
Vitis cinerea,1417,1438,0,21
Vitis cinerea var. cinerea,163,163,0,0
Vitis cinerea var. tomentosa,9,9,0,0
Vitis girdiana,1523,1539,0,16
Vitis jaegeriana,7,7,0,0
Vitis labrusca,1596,1779,0,183
Vitis lincecumii,70,70,0,0
Vitis munsoniana,18,18,0,0
Vitis nesbittiana,29,29,0,0
Vitis palmata,191,191,0,0
Vitis peninsularis,68,68,0,0
Vitis popenoei,100,100,0,0
Vitis riparia,11802,11853,0,51
Vitis rotundifolia,20427,22108,0,1681
Vitis rubriflora,3,3,0,0
Vitis rupestris,203,203,0,0
Vitis shuttleworthii,557,626,0,69
Vitis simpsonii,303,334,0,31
Vitis tiliifolia,1703,1763,0,60
Vitis vulpina,1903,1960,0,57
Vitis x champinii,19,19,0,0
Vitis x doaniana,43,43,0,0
Vitis x novae-angliae,65,65,0,0
