taxon,publication,round2,change,lost_gbifTaxonomy,gained_gbifTaxonomy,lost_dec16Driver,gained_other,gained_dec16Driver,lost_countryExempt,lost_other,gained_countryExempt
Vitis cinerea,5341,4459,-882,882,0,0,0,0,0,0,0
Vitis berlandieri,736,1357,621,6,627,0,0,0,0,0,0
Vitis aestivalis,12877,12556,-321,327,6,0,0,0,0,0,0
Vitis munsoniana,22,265,243,0,194,0,49,0,0,0,0
Vitis rotundifolia,27551,27309,-242,243,1,0,0,0,0,0,0
Vitis vulpina,7588,7765,177,5,182,0,0,0,0,0,0
Vitis lincecumii,168,332,164,0,164,0,0,0,0,0,0
Vitis baileyana,531,654,123,0,123,0,0,0,0,0,0
Vitis labrusca,5345,5235,-110,111,1,0,0,0,0,0,0
Vitis simpsonii,913,1008,95,0,95,0,0,0,0,0,0
Vitis tiliifolia,3912,3996,84,87,0,0,14,0,65,1,231
Vitis x champinii,126,192,66,0,66,0,0,0,0,0,0
Vitis rufotomentosa,2,42,40,0,40,0,0,0,0,0,0
Vitis shuttleworthii,973,937,-36,36,0,0,0,0,0,0,0
Vitis popenoei,227,203,-24,22,0,0,1,0,0,0,0
Vitis x novae-angliae,277,300,23,0,23,0,0,0,0,0,0
Vitis riparia,17546,17530,-16,18,3,1,0,0,0,0,0
Vitis x doaniana,106,118,12,0,12,0,0,0,0,0,0
Vitis cinerea var. tomentosa,11,0,-11,11,0,0,0,0,0,0,0
Vitis aestivalis var. bicolor,1412,1421,9,0,9,0,0,0,0,0,0
Vitis cinerea var. cinerea,619,611,-8,8,0,0,0,0,0,0,0
Vitis acerifolia,855,852,-3,3,0,0,0,0,0,0,0
Vitis martineziana,12,14,2,0,2,0,0,0,0,0,0
Vitis aestivalis var. aestivalis,1569,1568,-1,1,0,0,0,0,0,0,0
Vitis girdiana,2519,2518,-1,0,0,1,0,0,0,0,0
Vitis mustangensis,9404,9405,1,0,1,0,0,0,0,0,0
Vitis arizonica,4307,4307,0,0,0,0,0,0,0,0,0
Vitis biformis,81,81,0,0,0,0,0,0,0,0,0
Vitis blancoi,190,190,0,0,0,0,0,0,0,0,0
Vitis bloodworthiana,141,141,0,0,0,0,0,0,0,0,0
Vitis bourgaeana,672,672,0,0,0,0,0,0,0,0,0
Vitis californica,3220,3220,0,0,0,0,0,0,0,0,0
Vitis jaegeriana,38,38,0,0,0,0,0,0,0,0,0
Vitis monticola,1107,1107,0,0,0,0,0,0,0,0,0
Vitis nesbittiana,106,106,0,0,0,0,0,0,0,0,0
Vitis novogranatensis,1,1,0,0,0,1,0,1,0,0,0
Vitis palmata,1089,1089,0,0,0,0,0,0,0,0,0
Vitis peninsularis,131,131,0,0,0,0,0,0,0,0,0
Vitis rubriflora,4,4,0,0,0,0,0,0,0,0,0
Vitis rupestris,1254,1254,0,0,0,0,0,0,0,0,0
