taxon,NG_dec2025,NH_dec2025,SRSex_dec2025,class_dec2025,NG_sep2026,NH_sep2026,SRSex_sep2026,class_sep2026,SRSex_change,scoreChanged,classChanged,NG_change,NGcoords_dec2025,NGcoords_sep2026,NGcoords_change,NHcoords_dec2025,NHcoords_sep2026,NHcoords_change,coords_dec2025,coords_sep2026,coords_change,storedRun,SRS_stored,dec2025_matches_storedRun,NTOTAL_dec2025,NTOTAL_sep2026
Vitis rufotomentosa,2,0,100,LP,2,40,5,UP,-95,TRUE,TRUE,0,0,0,0,0,20,20,0,20,20,run09262025_1k,100,TRUE,2,42
Vitis x champinii,56,70,80,LP,56,136,41.18,HP,-38.82,TRUE,TRUE,0,23,23,0,10,15,5,33,38,5,run08282025_1k,80,TRUE,126,192
Vitis berlandieri,163,573,28.45,HP,207,1150,18,UP,-10.45,TRUE,TRUE,44,70,70,0,289,556,267,359,626,267,run08282025_1k,28.45,TRUE,736,1357
Vitis cinerea var. tomentosa,0,11,0,UP,NA,NA,NA,NA,NA,TRUE,TRUE,NA,0,NA,NA,11,NA,NA,11,NA,NA,run09262025_1k,0,TRUE,11,NA
Vitis x doaniana,55,51,100,LP,55,63,87.3,LP,-12.7,TRUE,FALSE,0,29,29,0,21,24,3,50,53,3,run09262025_1k,100,TRUE,106,118
Vitis lincecumii,3,165,1.82,UP,10,322,3.11,UP,1.29,TRUE,FALSE,7,0,0,0,71,88,17,71,88,17,run08282025_1k,1.82,TRUE,168,332
Vitis tiliifolia,30,2264,1.33,UP,32,3951,0.81,UP,-0.52,TRUE,FALSE,2,10,10,0,1365,2568,1203,1375,2578,1203,run08282025_1k,0.8,FALSE,2294,3983
Vitis vulpina,89,7585,1.17,UP,114,7649,1.49,UP,0.32,TRUE,FALSE,25,6,7,1,2540,2469,-71,2546,2476,-70,run08282025_1k,1.19,FALSE,7674,7763
Vitis labrusca,464,4882,9.5,UP,464,4766,9.74,UP,0.24,TRUE,FALSE,0,31,31,0,2192,2114,-78,2223,2145,-78,run08282025_1k,9.51,TRUE,5346,5230
Vitis baileyana,3,528,0.57,UP,5,648,0.77,UP,0.2,TRUE,FALSE,2,0,0,0,105,152,47,105,152,47,run08282025_1k,0.57,TRUE,531,653
Vitis acerifolia,176,679,25.92,HP,176,676,26.04,HP,0.12,TRUE,FALSE,0,63,63,0,328,326,-2,391,389,-2,run08282025_1k,25.92,TRUE,855,852
Vitis simpsonii,9,904,1,UP,9,999,0.9,UP,-0.1,TRUE,FALSE,0,0,0,0,392,448,56,392,448,56,run08282025_1k,1,TRUE,913,1008
Vitis cinerea,333,5638,5.91,UP,286,4770,6,UP,0.09,TRUE,FALSE,-47,131,130,-1,2233,1823,-410,2364,1953,-411,run08282025_1k,5.91,TRUE,5971,5056
Vitis popenoei,3,213,1.41,UP,3,200,1.5,UP,0.09,TRUE,FALSE,0,1,1,0,114,119,5,115,120,5,run08282025_1k,1.79,FALSE,216,203
Vitis x novae-angliae,2,275,0.73,UP,2,298,0.67,UP,-0.06,TRUE,FALSE,0,0,0,0,81,86,5,81,86,5,run08282025_1k,0.73,TRUE,277,300
Vitis aestivalis,160,15698,1.02,UP,151,15334,0.98,UP,-0.04,TRUE,FALSE,-9,6,6,0,6559,6440,-119,6565,6446,-119,run08282025_1k,1.02,TRUE,15858,15485
Vitis palmata,44,1053,4.18,UP,44,1045,4.21,UP,0.03,TRUE,FALSE,0,0,0,0,245,237,-8,245,237,-8,run08282025_1k,4.21,FALSE,1097,1089
Vitis shuttleworthii,8,969,0.83,UP,8,928,0.86,UP,0.03,TRUE,FALSE,0,0,0,0,665,660,-5,665,660,-5,run08282025_1k,0.83,TRUE,977,936
Vitis cinerea var. cinerea,13,606,2.15,UP,13,598,2.17,UP,0.02,TRUE,FALSE,0,0,0,0,181,181,0,181,181,0,run08282025_1k,2.15,TRUE,619,611
Vitis aestivalis var. bicolor,6,1406,0.43,UP,6,1415,0.42,UP,-0.01,TRUE,FALSE,0,0,0,0,555,557,2,555,557,2,run08282025_1k,0.43,TRUE,1412,1421
Vitis riparia,428,17123,2.5,UP,426,17099,2.49,UP,-0.01,TRUE,FALSE,-2,72,70,-2,13128,13118,-10,13200,13188,-12,run08282025_1k,2.5,TRUE,17551,17525
Vitis rupestris,191,1063,17.97,UP,191,1062,17.98,UP,0.01,TRUE,FALSE,0,50,50,0,210,209,-1,260,259,-1,run08282025_1k,17.97,TRUE,1254,1253
Vitis aestivalis var. aestivalis,18,1551,1.16,UP,18,1550,1.16,UP,0,FALSE,FALSE,0,0,0,0,392,392,0,392,392,0,run08282025_1k,1.16,TRUE,1569,1568
Vitis arizonica,341,3966,8.6,UP,341,3966,8.6,UP,0,FALSE,FALSE,0,294,294,0,2468,2468,0,2762,2762,0,run08282025_1k,8.6,TRUE,4307,4307
Vitis biformis,14,67,20.9,UP,14,67,20.9,UP,0,FALSE,FALSE,0,2,2,0,32,32,0,34,34,0,run09262025_1k,21.05,FALSE,81,81
Vitis blancoi,4,186,2.15,UP,4,186,2.15,UP,0,FALSE,FALSE,0,2,2,0,57,57,0,59,59,0,run08282025_1k,2.15,TRUE,190,190
Vitis bloodworthiana,50,91,54.95,MP,50,91,54.95,MP,0,FALSE,FALSE,0,32,32,0,54,54,0,86,86,0,run09262025_1k,13.16,FALSE,141,141
Vitis bourgaeana,0,672,0,UP,0,672,0,UP,0,FALSE,FALSE,0,0,0,0,380,380,0,380,380,0,run08282025_1k,0,TRUE,672,672
Vitis californica,87,3133,2.78,UP,87,3132,2.78,UP,0,FALSE,FALSE,0,54,54,0,2100,2099,-1,2154,2153,-1,run08282025_1k,2.78,TRUE,3220,3219
Vitis girdiana,141,2377,5.93,UP,141,2377,5.93,UP,0,FALSE,FALSE,0,128,128,0,1864,1864,0,1992,1992,0,run08282025_1k,5.93,TRUE,2518,2518
Vitis jaegeriana,0,38,0,UP,0,38,0,UP,0,FALSE,FALSE,0,0,0,0,16,16,0,16,16,0,run09262025_1k,0,TRUE,38,38
Vitis martineziana,0,12,0,UP,0,14,0,UP,0,FALSE,FALSE,0,0,0,0,12,14,2,12,14,2,run08282025_1k,0,TRUE,12,14
Vitis monticola,60,1047,5.73,UP,60,1047,5.73,UP,0,FALSE,FALSE,0,14,14,0,455,455,0,469,469,0,run09162026_1k,5.73,TRUE,1107,1107
Vitis munsoniana,0,22,0,UP,0,265,0,UP,0,FALSE,FALSE,0,0,0,0,18,110,92,18,110,92,run09262025_1k,0,TRUE,22,265
Vitis mustangensis,158,9246,1.71,UP,158,9246,1.71,UP,0,FALSE,FALSE,0,52,52,0,8360,8359,-1,8412,8411,-1,run08282025_1k,1.71,TRUE,9404,9404
Vitis nesbittiana,10,96,10.42,UP,10,96,10.42,UP,0,FALSE,FALSE,0,1,1,0,58,58,0,59,59,0,run09262025_1k,17.91,FALSE,106,106
Vitis novogranatensis,0,1,0,UP,0,1,0,UP,0,FALSE,FALSE,0,0,0,0,0,0,0,0,0,0,run09262025_1k,0,TRUE,1,1
Vitis peninsularis,0,131,0,UP,0,131,0,UP,0,FALSE,FALSE,0,0,0,0,113,113,0,113,113,0,run09262025_1k,0,TRUE,131,131
Vitis rotundifolia,82,27469,0.3,UP,83,27214,0.3,UP,0,FALSE,FALSE,1,9,9,0,23075,22971,-104,23084,22980,-104,run08282025_1k,0.3,TRUE,27551,27297
Vitis rubriflora,0,4,0,UP,0,4,0,UP,0,FALSE,FALSE,0,0,0,0,4,4,0,4,4,0,run08282025_1k,0,TRUE,4,4
