species,change,recordedName,dataSource,counterpart,reason,records,withCoordinates,germplasm,verbatimNames,mechanism,taxonomyChange,decisionNeeded,note
Vitis acerifolia,Removed,Vitis novomexicana Lemmon ex Munson,GBIF,no project concept (excluded),gbifTaxonomy,3,2,0,Vitis novo-mexicana (1),"D. Name on no include list: the backbone had folded this name into the species; name-based matching keeps the recorded name, which matches no project concept",Yes,Yes,Curator call: an acerifolia synonym in most treatments.
Vitis aestivalis,Removed,Vitis lincecumii Buckley,GBIF,Vitis lincecumii,gbifTaxonomy,93,8,7,Vitis lincecumii (84); Vitis lincecumii cv. lincecumii (7); Vitis lincecumii Buchl. (1),A. Segregate recovered: records recorded under this name now go to their own project concept,Yes,No,Backbone treats V. lincecumii as a synonym of V. aestivalis; the project keeps it as its own concept.
Vitis aestivalis,Removed,Vitis linsecomii Buckley,GBIF,Vitis lincecumii,gbifTaxonomy,71,9,0,Vitis linsecomii (46),A. Segregate recovered: records recorded under this name now go to their own project concept,Yes,No,Backbone treats V. lincecumii as a synonym of V. aestivalis; the project keeps it as its own concept.
Vitis aestivalis,Removed,Vitis bicolor Raf.,GBIF,no project concept (excluded),gbifTaxonomy,35,4,0,NA,"D. Name on no include list: the backbone had folded this name into the species; name-based matching keeps the recorded name, which matches no project concept",Yes,Yes,Synonym of V. aestivalis var. bicolor; suggest adding 'Vitis bicolor' to the var. bicolor include cell.
Vitis aestivalis,Removed,Vitis bicolor Leconte,GBIF,no project concept (excluded),gbifTaxonomy,27,0,0,Vitis bicolor (26),"D. Name on no include list: the backbone had folded this name into the species; name-based matching keeps the recorded name, which matches no project concept",Yes,Yes,Synonym of V. aestivalis var. bicolor; suggest adding 'Vitis bicolor' to the var. bicolor include cell.
Vitis aestivalis,Removed,Vitis rufotomentosa Small,GBIF,Vitis rufotomentosa,gbifTaxonomy,26,11,0,Vitis rufotomentosa (19),A. Segregate recovered: records recorded under this name now go to their own project concept,Yes,No,Backbone: synonym of V. aestivalis; the project keeps V. rufotomentosa as its own concept.
Vitis aestivalis,Removed,Vitis bicolor J.Le Conte,GBIF,no project concept (excluded),gbifTaxonomy,25,9,2,Vitis bicolor (21); Vitis bicolor cv. bicolor (2); Vitis bicolor J. Le Conte (1); Vitis bicolor Le Conte (1),"D. Name on no include list: the backbone had folded this name into the species; name-based matching keeps the recorded name, which matches no project concept",Yes,Yes,Synonym of V. aestivalis var. bicolor; suggest adding 'Vitis bicolor' to the var. bicolor include cell.
Vitis aestivalis,Removed,Vitis smalliana L.H.Bailey,GBIF,no project concept (excluded),gbifTaxonomy,19,19,0,Vitis smalliana (19),"D. Name on no include list: the backbone had folded this name into the species; name-based matching keeps the recorded name, which matches no project concept",Yes,Yes,NA
Vitis aestivalis,Removed,Vitis araneosa J.Le Conte,GBIF,no project concept (excluded),gbifTaxonomy,11,0,0,Vitis araneosa (11),"D. Name on no include list: the backbone had folded this name into the species; name-based matching keeps the recorded name, which matches no project concept",Yes,Yes,NA
Vitis aestivalis,Removed,Vitis bourquiniana Munson,GBIF,no project concept (excluded),gbifTaxonomy,9,0,0,NA,"D. Name on no include list: the backbone had folded this name into the species; name-based matching keeps the recorded name, which matches no project concept",Yes,Yes,Cultivated hybrid; probably exclude.
Vitis aestivalis,Removed,Vitis × slavinii Rehder,GBIF,no project concept (excluded),gbifTaxonomy,5,1,0,Vitis slavinii Rehder (3); Vitis slavinii (1),"D. Name on no include list: the backbone had folded this name into the species; name-based matching keeps the recorded name, which matches no project concept",Yes,Yes,Hybrid; probably exclude.
Vitis aestivalis,Removed,Vitis intermedia Muhl.,GBIF,no project concept (excluded),gbifTaxonomy,2,0,0,Vitis intermedia (2),"D. Name on no include list: the backbone had folded this name into the species; name-based matching keeps the recorded name, which matches no project concept",Yes,Yes,NA
Vitis aestivalis,Removed,Vitis lecontiana House,GBIF,no project concept (excluded),gbifTaxonomy,2,1,0,Vitis lecontiana (1),"D. Name on no include list: the backbone had folded this name into the species; name-based matching keeps the recorded name, which matches no project concept",Yes,Yes,NA
Vitis aestivalis,Removed,Vitis americana W.Bartram,GBIF,no project concept (excluded),gbifTaxonomy,1,0,0,Vitis americana (1),"D. Name on no include list: the backbone had folded this name into the species; name-based matching keeps the recorded name, which matches no project concept",Yes,Yes,NA
Vitis aestivalis,Removed,Vitis labrusca var. aestivalis (Michx.) Regel,GBIF,no project concept (excluded),gbifTaxonomy,1,0,0,NA,"D. Name on no include list: the backbone had folded this name into the species; name-based matching keeps the recorded name, which matches no project concept",Yes,Yes,NA
Vitis aestivalis,Added,Vitis L.,GBIF,not in the published dataset,gbifTaxonomy,6,1,0,Vitis aestivalis Michx. x V. vulpina L. (6),B. Verbatim recovery: GBIF could not match the publisher's name (interpreted as 'Vitis L.'); the verbatim name is now parsed,Yes,No,Verbatim name is a hybrid formula; the parser kept the first parent's name. The publication team may prefer to exclude these.
Vitis aestivalis var. aestivalis,Removed,Vitis labrusca var. aestivalis (Michx.) Regel,GBIF,no project concept (excluded),gbifTaxonomy,1,0,0,NA,"D. Name on no include list: the backbone had folded this name into the species; name-based matching keeps the recorded name, which matches no project concept",Yes,Yes,NA
Vitis aestivalis var. bicolor,Added,Vitis argentifolia Munson ex L.H.Bailey,GBIF,Vitis aestivalis,gbifTaxonomy,9,2,0,Vitis argentifolia (5); Vitis argentifolia Munson ex L. H. Bailey (2),A. Segregate recovered: records recorded under this name return from the concept the backbone had lumped them into,Yes,No,A var. bicolor synonym already on the include list; the backbone had folded it into V. aestivalis.
Vitis baileyana,Added,Vitis baileyana Munson,GBIF,Vitis cinerea,gbifTaxonomy,123,48,2,Vitis baileyana (102); Vitis baileyana cv. baileyana (1),A. Segregate recovered: records recorded under this name return from the concept the backbone had lumped them into,Yes,No,Backbone folds this segregate into V. cinerea; the project keeps it as its own concept.
Vitis berlandieri,Removed,Vitis cordifolia var. helleri L.H.Bailey,GBIF,no project concept (excluded),gbifTaxonomy,6,2,0,Vitis cordifolia var. helleri L. H. Bailey (3); Vitis cordifolia var. helleri (2),"D. Name on no include list: the backbone had folded this name into the species; name-based matching keeps the recorded name, which matches no project concept",Yes,Yes,Consider adding to the V. berlandieri include cell.
Vitis berlandieri,Added,Vitis berlandieri Planch.,GBIF,Vitis cinerea,gbifTaxonomy,627,269,44,Vitis berlandieri (427); Vitis berlandieri Planchon (54); Vitis berlandieri cv. berlandieri (41); Vitis berandieri (1); vitis berlandieri planch. (1),A. Segregate recovered: records recorded under this name return from the concept the backbone had lumped them into,Yes,No,Backbone: synonym of V. cinerea var. helleri; the project keeps V. berlandieri as its own concept.
Vitis cinerea,Removed,Vitis berlandieri Planch.,GBIF,Vitis berlandieri,gbifTaxonomy,627,269,44,Vitis berlandieri (427); Vitis berlandieri Planchon (54); Vitis berlandieri cv. berlandieri (41); Vitis berandieri (1); vitis berlandieri planch. (1),A. Segregate recovered: records recorded under this name now go to their own project concept,Yes,No,Backbone: synonym of V. cinerea var. helleri; the project keeps V. berlandieri as its own concept.
Vitis cinerea,Removed,Vitis baileyana Munson,GBIF,Vitis baileyana,gbifTaxonomy,123,48,2,Vitis baileyana (102); Vitis baileyana cv. baileyana (1),A. Segregate recovered: records recorded under this name now go to their own project concept,Yes,No,Backbone folds this segregate into V. cinerea; the project keeps it as its own concept.
Vitis cinerea,Removed,Vitis simpsonii Munson,GBIF,Vitis simpsonii,gbifTaxonomy,95,56,0,Vitis simpsonii (79); Vitis simpsonii ✕ V. baileyana (1),A. Segregate recovered: records recorded under this name now go to their own project concept,Yes,No,Backbone folds this segregate into V. cinerea; the project keeps it as its own concept.
Vitis cinerea,Removed,Vitis berlandieri var. tomentosa Planch.,GBIF,no project concept (excluded),gbifTaxonomy,11,11,0,Vitis berlandieri var. tomentosa (11),"D. Name on no include list: the backbone had folded this name into the species; name-based matching keeps the recorded name, which matches no project concept",Yes,Yes,Reached V. cinerea var. tomentosa only via the backbone; adding the name to that include cell restores the taxon (now 0 records).
Vitis cinerea,Removed,Vitis aestivalis var. cinerea Engelm.,GBIF,no project concept (excluded),gbifTaxonomy,8,0,0,NA,"D. Name on no include list: the backbone had folded this name into the species; name-based matching keeps the recorded name, which matches no project concept",Yes,Yes,Suggest adding to the V. cinerea var. cinerea include cell.
Vitis cinerea,Removed,Vitis helleri (L.H.Bailey) Small,GBIF,no project concept (excluded),gbifTaxonomy,8,0,0,Vitis helleri (8),"D. Name on no include list: the backbone had folded this name into the species; name-based matching keeps the recorded name, which matches no project concept",Yes,Yes,Suggest adding to the V. berlandieri include cell.
Vitis cinerea,Removed,Vitis sola L.H.Bailey,GBIF,no project concept (excluded),gbifTaxonomy,3,2,0,Vitis sola (1); Vitis sola J.F.Bailey (1),"D. Name on no include list: the backbone had folded this name into the species; name-based matching keeps the recorded name, which matches no project concept",Yes,Yes,NA
Vitis cinerea,Removed,Vitis virginiana Munson,GBIF,no project concept (excluded),gbifTaxonomy,3,0,0,Vitis virginiana (1),"D. Name on no include list: the backbone had folded this name into the species; name-based matching keeps the recorded name, which matches no project concept",Yes,Yes,NA
Vitis cinerea,Removed,Vitis austrina Small,GBIF,no project concept (excluded),gbifTaxonomy,2,0,0,Vitis australis (1); Vitis austrina (1),"D. Name on no include list: the backbone had folded this name into the species; name-based matching keeps the recorded name, which matches no project concept",Yes,Yes,NA
Vitis cinerea,Removed,Vitis canescens G.Nicholson,GBIF,no project concept (excluded),gbifTaxonomy,2,0,0,NA,"D. Name on no include list: the backbone had folded this name into the species; name-based matching keeps the recorded name, which matches no project concept",Yes,Yes,NA
Vitis cinerea var. cinerea,Removed,Vitis aestivalis var. cinerea Engelm.,GBIF,no project concept (excluded),gbifTaxonomy,8,0,0,NA,"D. Name on no include list: the backbone had folded this name into the species; name-based matching keeps the recorded name, which matches no project concept",Yes,Yes,Suggest adding to the V. cinerea var. cinerea include cell.
Vitis cinerea var. tomentosa,Removed,Vitis berlandieri var. tomentosa Planch.,GBIF,no project concept (excluded),gbifTaxonomy,11,11,0,Vitis berlandieri var. tomentosa (11),"D. Name on no include list: the backbone had folded this name into the species; name-based matching keeps the recorded name, which matches no project concept",Yes,Yes,Reached V. cinerea var. tomentosa only via the backbone; adding the name to that include cell restores the taxon (now 0 records).
Vitis girdiana,Removed,Vitis girdiana Munson,GBIF,no project concept (excluded),dec16Driver,1,1,0,Vitis girdiana (1),"Not taxonomy: hard-coded outlier removals / source relabel added to the driver on 2025-12-16, after the publication file",No,No,NA
Vitis labrusca,Removed,Vitis × labruscana L.H.Bailey,GBIF,no project concept (excluded),gbifTaxonomy,98,66,0,Vitis labruscana (62); Vitis x labruscana (8); Vitis x labruscana L.H Bailey (2); Vitis x labruscana L.H.Bailey (2); Vitis ×labruscana (1); Vitis ×labruscana L. H. Bailey (1),"D. Name on no include list: the backbone had folded this name into the species; name-based matching keeps the recorded name, which matches no project concept",Yes,Yes,Cultivated V. labrusca x V. vinifera hybrid; recommend leaving excluded.
Vitis labrusca,Removed,Vitis latifolia Raf.,GBIF,no project concept (excluded),gbifTaxonomy,8,6,0,Vitis latifolia (8),"D. Name on no include list: the backbone had folded this name into the species; name-based matching keeps the recorded name, which matches no project concept",Yes,Yes,NA
Vitis labrusca,Removed,Vitis catawba K.Koch,GBIF,no project concept (excluded),gbifTaxonomy,2,0,0,NA,"D. Name on no include list: the backbone had folded this name into the species; name-based matching keeps the recorded name, which matches no project concept",Yes,Yes,Cultivar name; probably exclude.
Vitis labrusca,Removed,Vitis blanda Raf.,GBIF,no project concept (excluded),gbifTaxonomy,1,0,0,NA,"D. Name on no include list: the backbone had folded this name into the species; name-based matching keeps the recorded name, which matches no project concept",Yes,Yes,NA
Vitis labrusca,Removed,Vitis labrusca f. alba (Prince) Fernald,GBIF,no project concept (excluded),gbifTaxonomy,1,0,0,NA,"D. Name on no include list: the backbone had folded this name into the species; name-based matching keeps the recorded name, which matches no project concept",Yes,Yes,NA
Vitis labrusca,Removed,Vitis obovata Raf.,GBIF,no project concept (excluded),gbifTaxonomy,1,0,0,Vitis obovata (1),"D. Name on no include list: the backbone had folded this name into the species; name-based matching keeps the recorded name, which matches no project concept",Yes,Yes,NA
Vitis labrusca,Added,Vitis L.,GBIF,not in the published dataset,gbifTaxonomy,1,0,0,Vitis labrusca L. x Vitis riparia Michx. (1),B. Verbatim recovery: GBIF could not match the publisher's name (interpreted as 'Vitis L.'); the verbatim name is now parsed,Yes,No,Verbatim name is a hybrid formula; the parser kept the first parent's name. The publication team may prefer to exclude these.
Vitis lincecumii,Added,Vitis lincecumii Buckley,GBIF,Vitis aestivalis,gbifTaxonomy,93,8,7,Vitis lincecumii (84); Vitis lincecumii cv. lincecumii (7); Vitis lincecumii Buchl. (1),A. Segregate recovered: records recorded under this name return from the concept the backbone had lumped them into,Yes,No,Backbone treats V. lincecumii as a synonym of V. aestivalis; the project keeps it as its own concept.
Vitis lincecumii,Added,Vitis linsecomii Buckley,GBIF,Vitis aestivalis,gbifTaxonomy,71,9,0,Vitis linsecomii (46),A. Segregate recovered: records recorded under this name return from the concept the backbone had lumped them into,Yes,No,Backbone treats V. lincecumii as a synonym of V. aestivalis; the project keeps it as its own concept.
Vitis martineziana,Added,Vitis L.,GBIF,not in the published dataset,gbifTaxonomy,2,2,0,Vitis martineziana (2),B. Verbatim recovery: GBIF could not match the publisher's name (interpreted as 'Vitis L.'); the verbatim name is now parsed,Yes,No,NA
Vitis munsoniana,Added,Vitis munsoniana Simpson ex Munson,GBIF,Vitis rotundifolia,gbifTaxonomy,108,50,0,Vitis munsoniana (82); Vitis munsoniana B.B.Simpson (11); Vitis munsoniana J.H.Simpson ex Munson (8); Vitis munsoniana f. pygmaea D.J.Rogers ex McFarlin (7),A. Segregate recovered: records recorded under this name return from the concept the backbone had lumped them into,Yes,No,Backbone folds munsoniana into V. rotundifolia; the project keeps it as its own concept.
Vitis munsoniana,Added,Muscadinia munsoniana (J.H.Simpson ex Munson) Small,GBIF,Vitis rotundifolia,gbifTaxonomy,49,37,0,Muscadinia munsoniana (45); Muscadinia munsoniana (J.H.Simpson ex Planch.) Small (2); Muscadinia munsonia (Simp.) Small (1); Muscadinia munsoniana (J.H. Simpson ex Planch.) Small (1),A. Segregate recovered: records recorded under this name return from the concept the backbone had lumped them into,Yes,No,Backbone folds munsoniana into V. rotundifolia; the project keeps it as its own concept.
Vitis munsoniana,Added,Vitis munsoniana J.H.Simpson,GBIF,Vitis rotundifolia,gbifTaxonomy,43,2,0,Vitis munsoniana (43),A. Segregate recovered: records recorded under this name return from the concept the backbone had lumped them into,Yes,No,Backbone folds munsoniana into V. rotundifolia; the project keeps it as its own concept.
Vitis munsoniana,Added,Vitis munsoniana J.H.Simpson ex Planch.,GBIF,Vitis rotundifolia,gbifTaxonomy,43,3,0,Vitis munsoniana (6); Vitis munsoniana J.H. Simpson ex Planch. (4),A. Segregate recovered: records recorded under this name return from the concept the backbone had lumped them into,Yes,No,Backbone folds munsoniana into V. rotundifolia; the project keeps it as its own concept.
Vitis mustangensis,Added,Vitis candicans var. diversa L.H.Bailey,GBIF,not in the published dataset,gbifTaxonomy,1,0,0,Vitis candicans var. diversa (1),F. Name newly matched: a name on the include list that the old parser did not match,Yes,No,NA
Vitis novogranatensis,Removed,,Huerta-Acosta publication,no project concept (excluded),dec16Driver,1,0,0,NA,"Not taxonomy: hard-coded outlier removals / source relabel added to the driver on 2025-12-16, after the publication file",No,No,NA
Vitis novogranatensis,Added,,Personal Communication with Jun Wen,not in the published dataset,dec16Driver,1,0,0,NA,"Not taxonomy: hard-coded outlier removals / source relabel added to the driver on 2025-12-16, after the publication file",No,No,NA
Vitis popenoei,Removed,Muscadinia popenoei (J.L.Fennell) Weakley & Gandhi,GBIF,no project concept (excluded),gbifTaxonomy,22,3,0,Muscadinia popenoei (22),"D. Name on no include list: the backbone had folded this name into the species; name-based matching keeps the recorded name, which matches no project concept",Yes,Yes,Suggest adding 'Muscadinia popenoei' to the popenoei include cell.
Vitis popenoei,Added,Vitis popenoei Fennell,GBIF,not in the published dataset,other,1,0,0,NA,Not taxonomy: artefact of the hand swap of tiliifolia/popenoei records from the July 2025 file into the publication dataset,No,No,NA
Vitis riparia,Removed,Vitis incisa Jacq.,GBIF,no project concept (excluded),gbifTaxonomy,10,2,0,Vitis incisa (2),"D. Name on no include list: the backbone had folded this name into the species; name-based matching keeps the recorded name, which matches no project concept",Yes,Yes,NA
Vitis riparia,Removed,Vitis odoratissima Donn,GBIF,no project concept (excluded),gbifTaxonomy,6,0,0,Vitis odoratissima (3),"D. Name on no include list: the backbone had folded this name into the species; name-based matching keeps the recorded name, which matches no project concept",Yes,Yes,NA
Vitis riparia,Removed,Vitis vulpina var. praecox (Engelm. ex L.H.Bailey) L.H.Bailey,GBIF,no project concept (excluded),gbifTaxonomy,2,0,0,Vitis vulpina var. praecox (Engelm. ex L.H. Bailey) L.H. Bailey (2),"D. Name on no include list: the backbone had folded this name into the species; name-based matching keeps the recorded name, which matches no project concept",Yes,Yes,NA
Vitis riparia,Removed,Vitis riparia Michx.,GBIF,no project concept (excluded),dec16Driver,1,1,0,Vitis riparia (1),"Not taxonomy: hard-coded outlier removals / source relabel added to the driver on 2025-12-16, after the publication file",No,No,NA
Vitis riparia,Added,Vitis vulpina subsp. riparia (Michx.) R.T.Clausen,GBIF,not in the published dataset,gbifTaxonomy,3,1,0,Vitis vulpina subsp. riparia (2),F. Name newly matched: a name on the include list that the old parser did not match,Yes,No,On the riparia include list; matched by the new parser.
Vitis rotundifolia,Removed,Vitis munsoniana Simpson ex Munson,GBIF,Vitis munsoniana,gbifTaxonomy,108,50,0,Vitis munsoniana (82); Vitis munsoniana B.B.Simpson (11); Vitis munsoniana J.H.Simpson ex Munson (8); Vitis munsoniana f. pygmaea D.J.Rogers ex McFarlin (7),A. Segregate recovered: records recorded under this name now go to their own project concept,Yes,No,Backbone folds munsoniana into V. rotundifolia; the project keeps it as its own concept.
Vitis rotundifolia,Removed,Muscadinia munsoniana (J.H.Simpson ex Munson) Small,GBIF,Vitis munsoniana,gbifTaxonomy,49,37,0,Muscadinia munsoniana (45); Muscadinia munsoniana (J.H.Simpson ex Planch.) Small (2); Muscadinia munsonia (Simp.) Small (1); Muscadinia munsoniana (J.H. Simpson ex Planch.) Small (1),A. Segregate recovered: records recorded under this name now go to their own project concept,Yes,No,Backbone folds munsoniana into V. rotundifolia; the project keeps it as its own concept.
Vitis rotundifolia,Removed,Vitis munsoniana J.H.Simpson,GBIF,Vitis munsoniana,gbifTaxonomy,43,2,0,Vitis munsoniana (43),A. Segregate recovered: records recorded under this name now go to their own project concept,Yes,No,Backbone folds munsoniana into V. rotundifolia; the project keeps it as its own concept.
Vitis rotundifolia,Removed,Vitis munsoniana J.H.Simpson ex Planch.,GBIF,Vitis munsoniana,gbifTaxonomy,43,3,0,Vitis munsoniana (6); Vitis munsoniana J.H. Simpson ex Planch. (4),A. Segregate recovered: records recorded under this name now go to their own project concept,Yes,No,Backbone folds munsoniana into V. rotundifolia; the project keeps it as its own concept.
Vitis rotundifolia,Added,Vitis L.,GBIF,not in the published dataset,gbifTaxonomy,1,0,1,Muscadinia rotundifolia cv. Yuga x Carlos (1),B. Verbatim recovery: GBIF could not match the publisher's name (interpreted as 'Vitis L.'); the verbatim name is now parsed,Yes,No,Verbatim name is a hybrid formula; the parser kept the first parent's name. The publication team may prefer to exclude these.
Vitis rufotomentosa,Added,Vitis rufotomentosa Small,GBIF,Vitis aestivalis,gbifTaxonomy,26,11,0,Vitis rufotomentosa (19),A. Segregate recovered: records recorded under this name return from the concept the backbone had lumped them into,Yes,No,Backbone: synonym of V. aestivalis; the project keeps V. rufotomentosa as its own concept.
Vitis rufotomentosa,Added,Vitis L.,GBIF,not in the published dataset,gbifTaxonomy,14,9,0,Vitis rufotomentosa (13),B. Verbatim recovery: GBIF could not match the publisher's name (interpreted as 'Vitis L.'); the verbatim name is now parsed,Yes,No,Backbone: synonym of V. aestivalis; the project keeps V. rufotomentosa as its own concept.
Vitis shuttleworthii,Removed,Vitis coriacea Shuttlew. ex Planch.,GBIF,no project concept (excluded),gbifTaxonomy,36,0,0,Vitis coriacea Shuttleworth ex Planchon (26); Vitis coriacea (8),"D. Name on no include list: the backbone had folded this name into the species; name-based matching keeps the recorded name, which matches no project concept",Yes,Yes,The include cell has only 'Vitis candicans var. coriacea'; suggest adding 'Vitis coriacea'.
Vitis simpsonii,Added,Vitis simpsonii Munson,GBIF,Vitis cinerea,gbifTaxonomy,95,56,0,Vitis simpsonii (79); Vitis simpsonii ✕ V. baileyana (1),A. Segregate recovered: records recorded under this name return from the concept the backbone had lumped them into,Yes,No,Backbone folds this segregate into V. cinerea; the project keeps it as its own concept.
Vitis tiliifolia,Removed,Vitis caribaea DC.,GBIF,no project concept (excluded),gbifTaxonomy,84,23,0,Vitis caribaea (53),"D. Name on no include list: the backbone had folded this name into the species; name-based matching keeps the recorded name, which matches no project concept",Yes,Yes,Synonym of V. tiliifolia; suggest adding to the tiliifolia include cell.
Vitis tiliifolia,Removed,Vitis caribaea DC.,GBIF,no project concept (excluded),countryExempt,61,6,0,Vitis caribaea (46),Not taxonomy: Central American records the publication kept by hand and round 2 keeps by rule (country-filter exemption),No,No,Synonym of V. tiliifolia; suggest adding to the tiliifolia include cell.
Vitis tiliifolia,Removed,Vitis arachnoidea Oerst.,GBIF,no project concept (excluded),countryExempt,4,0,0,NA,Not taxonomy: Central American records the publication kept by hand and round 2 keeps by rule (country-filter exemption),No,No,NA
Vitis tiliifolia,Removed,Vitis arachnoidea Oerst.,GBIF,no project concept (excluded),gbifTaxonomy,2,0,0,NA,"D. Name on no include list: the backbone had folded this name into the species; name-based matching keeps the recorded name, which matches no project concept",Yes,Yes,NA
Vitis tiliifolia,Removed,Vitis acuminata Oerst.,GBIF,no project concept (excluded),gbifTaxonomy,1,0,0,NA,"D. Name on no include list: the backbone had folded this name into the species; name-based matching keeps the recorded name, which matches no project concept",Yes,Yes,NA
Vitis tiliifolia,Removed,tiliifolia,UC Davis Grape Breeding Collection,no project concept (excluded),other,1,0,1,NA,Not taxonomy: artefact of the hand swap of tiliifolia/popenoei records from the July 2025 file into the publication dataset,No,No,NA
Vitis tiliifolia,Added,Vitis tiliifolia Humb. & Bonpl. ex Roem. & Schult.,GBIF,not in the published dataset,countryExempt,154,151,1,Vitis tiliifolia Humb. & Bonpl. ex Schult. (78); Vitis tiliifolia (20); Vitis tiliaefolia (2),Not taxonomy: Central American records the publication kept by hand and round 2 keeps by rule (country-filter exemption),No,No,NA
Vitis tiliifolia,Added,Vitis tiliifolia Humb. & Bonpl.,GBIF,not in the published dataset,countryExempt,66,66,0,Vitis tiliifolia (66),Not taxonomy: Central American records the publication kept by hand and round 2 keeps by rule (country-filter exemption),No,No,NA
Vitis tiliifolia,Added,Vitis tiliifolia Humb. & Bonpl. ex Willd.,GBIF,not in the published dataset,countryExempt,10,10,0,Vitis tiliaefolia (2),Not taxonomy: Central American records the publication kept by hand and round 2 keeps by rule (country-filter exemption),No,No,NA
Vitis tiliifolia,Added,Vitis tiliifolia Humb. & Bonpl. ex Roem. & Schult.,GBIF,not in the published dataset,other,8,1,0,NA,Not taxonomy: artefact of the hand swap of tiliifolia/popenoei records from the July 2025 file into the publication dataset,No,No,NA
Vitis tiliifolia,Added,Vitis tiliifolia,wiews,not in the published dataset,other,4,1,4,NA,Not taxonomy: artefact of the hand swap of tiliifolia/popenoei records from the July 2025 file into the publication dataset,No,No,NA
Vitis tiliifolia,Added,V. tillifolia,Huerta-Acosta publication,not in the published dataset,other,1,1,1,NA,Not taxonomy: artefact of the hand swap of tiliifolia/popenoei records from the July 2025 file into the publication dataset,No,No,NA
Vitis tiliifolia,Added,Vitis tiliifolia,wiews,not in the published dataset,countryExempt,1,0,1,NA,Not taxonomy: Central American records the publication kept by hand and round 2 keeps by rule (country-filter exemption),No,No,NA
Vitis tiliifolia,Added,Vitis tiliifolia Humb. & Bonpl. ex Roem. & Schult.,bg_survey,not in the published dataset,other,1,1,1,NA,Not taxonomy: artefact of the hand swap of tiliifolia/popenoei records from the July 2025 file into the publication dataset,No,No,NA
Vitis vulpina,Removed,Vitis pullaria J.Le Conte,GBIF,no project concept (excluded),gbifTaxonomy,5,0,0,Vitis pullaria (5),"D. Name on no include list: the backbone had folded this name into the species; name-based matching keeps the recorded name, which matches no project concept",Yes,Yes,NA
Vitis vulpina,Added,Vitis cordifolia Lam.,GBIF,not in the published dataset,gbifTaxonomy,162,17,7,Vitis cordifolia (86); Vitis cordifolia cv. cordifolia (7); Vitis cordifolia sensu Macoun non Michaux (2); Vitis cordifolia (Michx.) A.Gray (1),C. Synonym-cell fix: the include cell entry now matches,Yes,No,"The V. vulpina include cell uses a semicolon and 'V.'; it never matched before. Data-entry fix, records enter for the first time."
Vitis vulpina,Added,Vitis cordifolia,genesys,not in the published dataset,gbifTaxonomy,17,1,16,NA,C. Synonym-cell fix: the include cell entry now matches,Yes,No,"The V. vulpina include cell uses a semicolon and 'V.'; it never matched before. Data-entry fix, records enter for the first time."
Vitis vulpina,Added,Vitis cordifolia,wiews,not in the published dataset,gbifTaxonomy,2,0,2,NA,C. Synonym-cell fix: the include cell entry now matches,Yes,No,"The V. vulpina include cell uses a semicolon and 'V.'; it never matched before. Data-entry fix, records enter for the first time."
Vitis vulpina,Added,Vitis cordifolia var. sempervirens Munson,GBIF,not in the published dataset,gbifTaxonomy,1,0,0,Vitis cordifolia var. sempervirens (1),C. Synonym-cell fix: the include cell entry now matches,Yes,No,"The V. vulpina include cell uses a semicolon and 'V.'; it never matched before. Data-entry fix, records enter for the first time."
Vitis x champinii,Added,Vitis L.,GBIF,not in the published dataset,gbifTaxonomy,66,5,0,Vitis xchampinii (66),B. Verbatim recovery: GBIF could not match the publisher's name (interpreted as 'Vitis L.'); the verbatim name is now parsed,Yes,No,Verbatim name 'Vitis xchampinii' (no space after the hybrid marker) was unmatched by GBIF; now recovered from the verbatim name.
Vitis x doaniana,Added,Vitis L.,GBIF,not in the published dataset,gbifTaxonomy,12,3,0,Vitis xdoaniana (12),B. Verbatim recovery: GBIF could not match the publisher's name (interpreted as 'Vitis L.'); the verbatim name is now parsed,Yes,No,NA
Vitis x novae-angliae,Added,Vitis L.,GBIF,not in the published dataset,gbifTaxonomy,23,5,0,Vitis xnovae-angliae (23),B. Verbatim recovery: GBIF could not match the publisher's name (interpreted as 'Vitis L.'); the verbatim name is now parsed,Yes,No,NA
