taxon,direction,from,to,recordedName,src,records,withCoords,G
Vitis acerifolia,lost,Vitis acerifolia,not in file,Vitis novomexicana Lemmon ex,GBIF,3,2,0
Vitis aestivalis,gained,not in file,Vitis aestivalis,Vitis L.,GBIF,6,1,0
Vitis aestivalis,lost,Vitis aestivalis,Vitis lincecumii,Vitis lincecumii,GBIF,93,17,7
Vitis aestivalis,lost,Vitis aestivalis,Vitis lincecumii,Vitis linsecomii,GBIF,71,17,7
Vitis aestivalis,lost,Vitis aestivalis,not in file,Vitis bicolor Raf.,GBIF,35,35,2
Vitis aestivalis,lost,Vitis aestivalis,not in file,Vitis bicolor Leconte,GBIF,27,35,2
Vitis aestivalis,lost,Vitis aestivalis,Vitis rufotomentosa,Vitis rufotomentosa,GBIF,26,11,0
Vitis aestivalis,lost,Vitis aestivalis,not in file,Vitis bicolor J.Le Conte,GBIF,25,35,2
Vitis aestivalis,lost,Vitis aestivalis,not in file,Vitis smalliana,GBIF,19,35,2
Vitis aestivalis,lost,Vitis aestivalis,not in file,Vitis araneosa J.Le Conte,GBIF,11,35,2
Vitis aestivalis,lost,Vitis aestivalis,not in file,Vitis bourquiniana,GBIF,9,35,2
Vitis aestivalis,lost,Vitis aestivalis,not in file,Vitis × slavinii,GBIF,5,35,2
Vitis aestivalis,lost,Vitis aestivalis,not in file,Vitis intermedia Muhl.,GBIF,2,35,2
Vitis aestivalis,lost,Vitis aestivalis,not in file,Vitis lecontiana House,GBIF,2,35,2
Vitis aestivalis,lost,Vitis aestivalis,not in file,Vitis americana W.Bartram,GBIF,1,35,2
Vitis aestivalis,lost,Vitis aestivalis,not in file,Vitis gigas J.H.Fennel,GBIF,1,35,2
Vitis aestivalis,lost,Vitis aestivalis,not in file,Vitis labrusca var. aestivalis (Michx.),GBIF,1,35,2
Vitis aestivalis,lost,Vitis aestivalis,not in file,Vitis virginiana Poir.,GBIF,1,35,2
Vitis aestivalis var. aestivalis,lost,Vitis aestivalis var. aestivalis,not in file,Vitis labrusca var. aestivalis (Michx.),GBIF,1,0,0
Vitis aestivalis var. bicolor,gained,Vitis aestivalis,Vitis aestivalis var. bicolor,Vitis argentifolia,GBIF,9,2,0
Vitis arizonica,lost,Vitis arizonica,Vitis californica,Vitis californica Parry,GBIF,4,1,0
Vitis baileyana,gained,Vitis cinerea,Vitis baileyana,Vitis baileyana,GBIF,123,48,2
Vitis berlandieri,gained,Vitis cinerea,Vitis berlandieri,Vitis berlandieri Planch.,GBIF,627,269,44
Vitis berlandieri,lost,Vitis berlandieri,not in file,Vitis cordifolia var. helleri,GBIF,6,2,0
Vitis californica,gained,Vitis arizonica,Vitis californica,Vitis californica Parry,GBIF,4,1,0
Vitis cinerea,lost,Vitis cinerea,Vitis berlandieri,Vitis berlandieri Planch.,GBIF,627,269,44
Vitis cinerea,lost,Vitis cinerea,Vitis baileyana,Vitis baileyana,GBIF,123,48,2
Vitis cinerea,lost,Vitis cinerea,Vitis simpsonii,Vitis simpsonii,GBIF,95,56,0
Vitis cinerea,lost,Vitis cinerea,not in file,Vitis berlandieri var. tomentosa Planch.,GBIF,11,13,0
Vitis cinerea,lost,Vitis cinerea,not in file,Vitis aestivalis var. cinerea Engelm.,GBIF,8,13,0
Vitis cinerea,lost,Vitis cinerea,not in file,Vitis helleri (L.H.Bailey),GBIF,8,13,0
Vitis cinerea,lost,Vitis cinerea,not in file,Vitis sola,GBIF,3,13,0
Vitis cinerea,lost,Vitis cinerea,not in file,Vitis virginiana,GBIF,3,13,0
Vitis cinerea,lost,Vitis cinerea,not in file,Vitis austrina,GBIF,2,13,0
Vitis cinerea,lost,Vitis cinerea,not in file,Vitis canescens G.Nicholson,GBIF,2,13,0
Vitis cinerea var. cinerea,lost,Vitis cinerea var. cinerea,not in file,Vitis aestivalis var. cinerea Engelm.,GBIF,8,0,0
Vitis cinerea var. tomentosa,lost,Vitis cinerea var. tomentosa,not in file,Vitis berlandieri var. tomentosa Planch.,GBIF,11,11,0
Vitis labrusca,gained,not in file,Vitis labrusca,Vitis labrusca Thunb.,GBIF,20,1,0
Vitis labrusca,gained,not in file,Vitis labrusca,Vitis L.,GBIF,1,1,0
Vitis labrusca,gained,not in file,Vitis labrusca,Vitis labrusca Scop.,GBIF,1,1,0
Vitis labrusca,lost,Vitis labrusca,not in file,Vitis × labruscana,GBIF,98,72,3
Vitis labrusca,lost,Vitis labrusca,not in file,Vitis latifolia Raf.,GBIF,8,72,3
Vitis labrusca,lost,Vitis labrusca,Vitis vulpina,Vitis vulpina Bartram,GBIF,7,0,0
Vitis labrusca,lost,Vitis labrusca,Vitis palmata,Vitis palmata Leconte,GBIF,6,0,0
Vitis labrusca,lost,Vitis labrusca,not in file,Vitis labrusca f. labrusca,GBIF,3,72,3
Vitis labrusca,lost,Vitis labrusca,not in file,Vitis catawba K.Koch,GBIF,2,72,3
Vitis labrusca,lost,Vitis labrusca,not in file,Vitis blanda Raf.,GBIF,1,72,3
Vitis labrusca,lost,Vitis labrusca,not in file,Vitis labrusca f. alba (Prince),GBIF,1,72,3
Vitis labrusca,lost,Vitis labrusca,not in file,Vitis obovata Raf.,GBIF,1,72,3
Vitis lincecumii,gained,Vitis aestivalis,Vitis lincecumii,Vitis lincecumii,GBIF,93,17,7
Vitis lincecumii,gained,Vitis aestivalis,Vitis lincecumii,Vitis linsecomii,GBIF,71,17,7
Vitis martineziana,gained,not in file,Vitis martineziana,Vitis L.,GBIF,2,2,0
Vitis munsoniana,gained,Vitis rotundifolia,Vitis munsoniana,Vitis munsoniana,GBIF,108,92,0
Vitis munsoniana,gained,Vitis rotundifolia,Vitis munsoniana,Muscadinia munsoniana (J.H.Simpson ex,GBIF,49,92,0
Vitis munsoniana,gained,Vitis rotundifolia,Vitis munsoniana,Vitis munsoniana J.H.Simpson,GBIF,43,92,0
Vitis munsoniana,gained,Vitis rotundifolia,Vitis munsoniana,Vitis munsoniana J.H.Simpson ex Planch.,GBIF,43,92,0
Vitis mustangensis,gained,not in file,Vitis mustangensis,Vitis candicans var. diversa,GBIF,1,0,0
Vitis palmata,gained,Vitis labrusca,Vitis palmata,Vitis palmata Leconte,GBIF,6,0,0
Vitis palmata,gained,Vitis riparia,Vitis palmata,Vitis rubra Desf.,GBIF,5,0,0
Vitis popenoei,lost,Vitis popenoei,not in file,Muscadinia popenoei (J.L.Fennell) Weakley & Gandhi,GBIF,22,3,0
Vitis riparia,gained,not in file,Vitis riparia,Vitis vulpina subsp. riparia (Michx.) R.T.Clausen,GBIF,3,1,0
Vitis riparia,lost,Vitis riparia,not in file,Vitis incisa Jacq.,GBIF,10,2,0
Vitis riparia,lost,Vitis riparia,not in file,Vitis odoratissima Donn,GBIF,6,2,0
Vitis riparia,lost,Vitis riparia,Vitis palmata,Vitis rubra Desf.,GBIF,5,0,0
Vitis riparia,lost,Vitis riparia,not in file,Vitis vulpina var. praecox (Engelm. ex,GBIF,2,2,0
Vitis riparia,lost,Vitis riparia,not in file,Vitis virginiensis Juss. ex DC.,GBIF,1,2,0
Vitis rotundifolia,gained,not in file,Vitis rotundifolia,Vitis L.,GBIF,1,0,1
Vitis rotundifolia,lost,Vitis rotundifolia,Vitis munsoniana,Vitis munsoniana,GBIF,108,92,0
Vitis rotundifolia,lost,Vitis rotundifolia,Vitis munsoniana,Muscadinia munsoniana (J.H.Simpson ex,GBIF,49,92,0
Vitis rotundifolia,lost,Vitis rotundifolia,Vitis munsoniana,Vitis munsoniana J.H.Simpson,GBIF,43,92,0
Vitis rotundifolia,lost,Vitis rotundifolia,Vitis munsoniana,Vitis munsoniana J.H.Simpson ex Planch.,GBIF,43,92,0
Vitis rufotomentosa,gained,Vitis aestivalis,Vitis rufotomentosa,Vitis rufotomentosa,GBIF,26,11,0
Vitis rufotomentosa,gained,not in file,Vitis rufotomentosa,Vitis L.,GBIF,14,9,0
Vitis rupestris,lost,Vitis rupestris,not in file,Vitis rupestris f. rupestris,GBIF,20,0,20
Vitis shuttleworthii,lost,Vitis shuttleworthii,not in file,Vitis coriacea Shuttlew. ex Planch.,GBIF,36,0,0
Vitis simpsonii,gained,Vitis cinerea,Vitis simpsonii,Vitis simpsonii,GBIF,95,56,0
Vitis tiliifolia,lost,Vitis tiliifolia,not in file,Vitis caribaea DC.,GBIF,84,23,0
Vitis tiliifolia,lost,Vitis tiliifolia,not in file,Vitis arachnoidea Oerst.,GBIF,2,23,0
Vitis tiliifolia,lost,Vitis tiliifolia,not in file,Vitis acuminata Oerst.,GBIF,1,23,0
Vitis vulpina,gained,not in file,Vitis vulpina,Vitis cordifolia Lam.,GBIF,162,17,7
Vitis vulpina,gained,not in file,Vitis vulpina,Vitis cordifolia,genesys,17,1,16
Vitis vulpina,gained,not in file,Vitis vulpina,Vitis cordifolia,GBIF,11,17,7
Vitis vulpina,gained,Vitis labrusca,Vitis vulpina,Vitis vulpina Bartram,GBIF,7,0,0
Vitis vulpina,gained,not in file,Vitis vulpina,Vitis cordifolia,wiews,2,0,2
Vitis vulpina,gained,not in file,Vitis vulpina,Vitis cordifolia var. sempervirens,GBIF,1,17,7
Vitis vulpina,lost,Vitis vulpina,not in file,Vitis pullaria J.Le Conte,GBIF,5,0,0
Vitis vulpina,lost,Vitis vulpina,not in file,Vitis sylvestris W.Bartram,GBIF,4,0,0
Vitis x champinii,gained,not in file,Vitis x champinii,Vitis L.,GBIF,66,5,0
Vitis x doaniana,gained,not in file,Vitis x doaniana,Vitis L.,GBIF,12,3,0
Vitis x novae-angliae,gained,not in file,Vitis x novae-angliae,Vitis L.,GBIF,23,5,0
