Include in gap analysis?,Scientific Name,Scientific name with authors,Subgenus,Series (older lit- delete?),Series sensu Wen et al.,Authority or supporting lit and notes,"from ""summaryTable 12/2024""",Common Name,NatureServe Global Rank,NatureServe Rounded Global Rank,Definition,Distribution,Review County Map,Edit Global Rank Status Assessment,View on NatureServe Explorer,Element Code,Taxon Name,Names to include in this concept (Homotypic synonyms),Names to exclude from this concept,Species Complex,NatureServe Concept reference,Relationship to FNA,Taxonomic notes,Include in county map analysis?,Reason for exclusion from county map,Occurrence data notes,Classification Status NatureServe,Number of lower taxa,Careful review needed?,Extralimital to US/Canada (native range)
Y,Vitis acerifolia,Vitis acerifolia Raf.,Vitis,Precoces,Rupestres,Talavera et al. 2023,Vitis acerifolia,Mapleleaf grape,G4,G4,Apparently Secure,"United States (NNR): CO (SNR), KS (S2), NM (SNR), OK (SNR), TX (S3)",Vitis acerifolia,https://docs.google.com/document/d/1bIDHOwHEA6dBn2GHTlU5Cp7k-fWMG0B_/edit#heading=h.gjdgxs,https://explorer.natureserve.org/Taxon/ELEMENT_GLOBAL.2.133043/Vitis_acerifolia,PDVIT04010,Vitis acerifolia,Vitis longii,,n/a,Kartesz 1994,Equal,,Y,n/a,,Accepted/Standard,0,N,N
Y,Vitis aestivalis,Vitis aestivalis Michx.,Vitis,Aestivales,Aestivales,Talavera et al. 2023,Vitis aestivalis,Summer grape,G5,G5,Secure,"Canada (N4): ON (S4); United States (N5): AL (SNR), AR (SNR), CT (SNR), DC (SNR), DE (S5), FL (S5), GA (SNR), IA (S2), IL (SNR), IN (SNR), KS (SNR), KY (SNR), LA (SNR), MA (SNR), MD (SNR), ME (S2), MI (SNR), MN (S2), MO (SNR), MS (SNR), NC (S5), NH (SNR), NJ (SNR), NY (S5), OH (SNR), OK (SNR), PA (SNR), RI (SNR), SC (SNR), TN (SNR), TX (SNR), VA (S5), VT (SNR), WI (SNR), WV (S4)",Vitis aestivalis,https://docs.google.com/document/d/1bIDHOwHEA6dBn2GHTlU5Cp7k-fWMG0B_/edit#heading=h.30j0zll,https://explorer.natureserve.org/Taxon/ELEMENT_GLOBAL.2.1288682/Vitis_aestivalis,PDVIT04100,Vitis aestivalis,"Vitis aestivalis var. aestivalis, Vitis aestivalis var. bicolor, Vitis aestivalis var. argentifolia, Vitis argentifolia","Vitis lincecumii, Vitis aestivalis var. lincecumii, Vitis linsecomii, Vitis rufotomentosa",aestivalis,Weakley 2023,Narrower,"This treatment is for V. aestivalis is in a narrow sense with varieties aestivalis and bicolor. Formerly recognized as a variety under V. aestivalis, Vitis lincecumii is elevated and recognized as distinct species and Vitis rufotomentosa is recognized as distinct from Vitis aestivalis (Weakley et al. 2023). While Vitis aestivalis is distinct at the species level, the distinctiveness of its varieties are still being investigated (Talavera et al. 2023). Flora of North America (2016) noted that ""the boundaries of the varieties are highly inconsistent and it is often difficult to apply the varietal concepts in the field."" Vitis aestivalis var. argentifolia is considered a synonym of var. bicolor (Moore 1991).",Y,n/a,,Accepted/Standard,2,Y,N
Y,Vitis aestivalis var. aestivalis,Vitis aestivalis Michx. var. aestivalis,Vitis,Aestivales,Aestivales,Talavera et al. 2023,Vitis aestivalis var. aestivalis,Small's grape,G5T5,T5,Secure,"United States (N5): AL (SNR), AR (SNR), CT (SNR), DC (SNR), DE (S4), FL (SNR), GA (SNR), IA (SNR), IL (SNR), IN (SNR), KS (S1), KY (S5), LA (SNR), MA (SNR), MD (SNR), MO (SNR), MS (SNR), NC (SNR), NJ (S4), NY (SNR), OH (SNR), OK (SNR), PA (SNR), RI (SNR), SC (S5), TN (SNR), TX (SNR), VA (S5), WV (SNR)",Vitis aestivalis var. aestivalis,https://docs.google.com/document/d/1bIDHOwHEA6dBn2GHTlU5Cp7k-fWMG0B_/edit#heading=h.1fob9te,https://explorer.natureserve.org/Taxon/ELEMENT_GLOBAL.2.1288689/Vitis_aestivalis_var_aestivalis,PDVIT04105,Vitis aestivalis var. aestivalis,,"Vitis aestivalis, Vitis aestivalis var. argentifolia",aestivalis,Weakley 2023,n/a (broader),This record is for Vitis aestivalis var. aestivalis in the narrow sense recognized by Weakley et al. (2023) which excludes Vitis rufotomentosa as a distinct species.,Y,n/a,,Accepted/Standard,0,Y,N
Y,Vitis aestivalis var. bicolor,Vitis aestivalis Michx. var. bicolor Deam,Vitis,Aestivales,Aestivales,Talavera et al. 2023,Vitis aestivalis var. bicolor,Summer grape,G5T5,T5,Secure,"Canada (NNR): ON (SNR)
 United States (N4): AL (SNR), CT (SNR), GA (SNR), IL (SNR), IN (SNR), KY (S5), MA (SNR), MD (SNR), ME (S2), MI (SNR), MN (SNR), NH (SNR), NJ (S3), NY (SNR), OH (SNR), PA (SNR), RI (SNR), SC (SNR), TN (SNR), VA (S5), VT (SNR), WI (SNR), WV (S4)",Vitis aestivalis var. bicolor,https://docs.google.com/document/d/1bIDHOwHEA6dBn2GHTlU5Cp7k-fWMG0B_/edit#heading=h.3znysh7,https://explorer.natureserve.org/Taxon/ELEMENT_GLOBAL.2.138394/Vitis_aestivalis_var_bicolor,PDVIT04024,Vitis aestivalis var. bicolor,"Vitis aestivalis var. argentifolia, Vitis argentifolia",Vitis aestivalis,aestivalis,Weakley 2023,n/a (broader),,Y,n/a,,Accepted/Standard,0,Y,N
Y,Vitis arizonica,Vitis arizonica Engelm.,Vitis,Occidentales,Rupestres,,Vitis arizonica,Arizona grape,G4G5,G4,Apparently Secure,"United States (NNR): AZ (SNR), CO (SNR), NM (SNR), NV (S3), TX (SNR), UT (S1)  MEXICO",Vitis arizonica,https://docs.google.com/document/d/1bIDHOwHEA6dBn2GHTlU5Cp7k-fWMG0B_/edit#heading=h.2et92p0,https://explorer.natureserve.org/Taxon/ELEMENT_GLOBAL.2.145392/Vitis_arizonica,PDVIT04030,Vitis arizonica,Vitis treleasei,,californica-girdiana-arizonica,Kartesz 1994,Equal,"Vitis arizonica hybridizes easily with Vitis girdiana, V. riparia, V. acerifolia, V. mustangensis, and V. cinerea, making distinction among species difficult (Riaz et al. 2020).",Y,n/a,,Accepted/Standard,0,,N
Y,Vitis baileyana,Vitis baileyana Munson,Vitis,Cinerascentes,Cinerascentes,Small 1933; Wen et al. 2018; Weakley et al. 2022,Vitis baileyana,Pigeon grape,G4,G4,Apparently Secure,"United States (NNR): AL (SNR), AR (SNR), GA (SNR), IN (SNR), KY (S4), NC (SNR), OH (SNR), PA (S1), SC (S4), TN (SNR), VA (S4), WV (SH)",Vitis baileyana,https://docs.google.com/document/d/1bIDHOwHEA6dBn2GHTlU5Cp7k-fWMG0B_/edit#heading=h.tyjcwt,https://explorer.natureserve.org/Taxon/ELEMENT_GLOBAL.2.158502/Vitis_baileyana,PDVIT04081,Vitis baileyana,Vitis cinerea var. baileyana,,cinerea,Weakley 2023,Equal to Vitis cinerea var. baileyana,"Kartesz (1994) and FNA (2016) recognize four varieties in Vitis cinerea including Vitis cinerea var. floridana (Vitis simpsonii), Vitis cinerea var. baileyana (Vitis baileyana), Vitis cinerea var. cinerea (Vitis cinerea), and Vitis cinerea var. helleri (Vitis berlandieri). These varieties were recognized as species by Small (1933) and their elevated status is supported by recent research (Wen et al. 2018) and in the treatment by Weakley and Southeastern Flora Team (2022). Vitis baileyana and V. simpsonii may not be distinct where they are known to intergrade along the fall line between the Piedmont and coastal plain (FNA 2016; Comeaux et al. 1987).",Y,n/a,,Accepted/Standard,0,,N
Y,Vitis berlandieri,Vitis berlandieri Planch,Vitis,Cinerascentes,Cinerascentes,Small 1933; Wen et al. 2018; Weakley et al. 2022,Vitis berlandieri,Berlandier's grape,G4,G4,Apparently Secure,"United States (NNR): NM (SNR), TX (SNR)   MEXICO",Vitis berlandieri,https://docs.google.com/document/d/1bIDHOwHEA6dBn2GHTlU5Cp7k-fWMG0B_/edit#heading=h.3dy6vkm,https://explorer.natureserve.org/Taxon/ELEMENT_GLOBAL.2.154590/Vitis_berlandieri,PDVIT04040,Vitis berlandieri,Vitis cinerea var. helleri,,cinerea,Weakley 2023,Equal to Vitis cinerea var. helleri,"Kartesz (1994) and Flora of North America (2016) recognize four varieties in Vitis cinerea including Vitis cinerea var. floridana (Vitis simpsonii), Vitis cinerea var. baileyana (Vitis baileyana), Vitis cinerea var. cinerea (Vitis cinerea), and Vitis cinerea var. helleri (Vitis berlandieri). These varieties were recognized as species by Small (1933) and their elevated status is supported by recent research (Wen et al. 2018) and in the treatment by Weakley and Southeastern Flora Team (2022). While Vitis berlandieri and V. cinerea are genetically distinct, there is continuity in the ranges of the two species (Uretsky 2018).",Y,n/a,,Accepted/Standard,0,,N
Y,Vitis biformis,Vitis biformis Rose,Vitis,Cinerascentes,Cinerascentes,SummaryTable_run20241212 ok'd by Jun 2/11/25,Vitis biformis,,,,,Mexico,,,,,Vitis biformis,,n/a,,,extralimital,,N,Geographical (Mexico endemic),,,0,n/a,
Y,Vitis blancoi,Vitis blancoi Munson,Vitis,Cinerascentes,Rupestres,SummaryTable_run20241212 ok'd by Jun 2/11/25,Vitis blancoi,,,,,Mexico,,,,,Vitis blancoi,,n/a,,,extralimital,,N,Geographical (Mexico endemic),,,0,n/a,
Y,Vitis bloodworthiana,Vitis bloodworthiana Comeaux,Vitis,Occidentales,Rupestres,,,,,,,Mexico,,,,,Vitis bloodworthiana,,,,,,,,,"new addition - data from GBIF, MSB - re Kew MSB - We do have a duplicate collection of Vitis bloodworthiana held at the MSB. The original collection was made by, and is stored at the Facultad de Estudios Superiores Iztacala, UNAM, (FESI-UNAM), Mexico. The collection was made at 18.876888776 latitude and -100.306249885 longitude. Please do not use these coordinates for any other purpose than your review, and as you say please can they be removed from the public results",,0,,
Y,Vitis bourgaeana,Vitis bourgaeana Planch.,Vitis,Cinerascentes,Cinerascentes,SummaryTable_run20241212 ok'd by Jun 2/11/25,Vitis bourgaeana,,,,,Mexico,,,,,Vitis bourgaeana,,n/a,,,extralimital,,N,Geographical (Mexico endemic),,,0,n/a,
Y,Vitis californica,Vitis californica Benth.,Vitis,Occidentales,Leucobryae,,Vitis californica,California grape,G4,G4,Apparently Secure,"United States (N4): CA (SNR), OR (SNR)",Vitis californica,https://docs.google.com/document/d/1bIDHOwHEA6dBn2GHTlU5Cp7k-fWMG0B_/edit#heading=h.1t3h5sf,https://explorer.natureserve.org/Taxon/ELEMENT_GLOBAL.2.130741/Vitis_californica,PDVIT04060,Vitis californica,,Vitis girdiana,californica-girdiana-arizonica,Kartesz 1994,Equal,Vitis californica is distinct from V. girdiana according to phylogenetic data (Wada 2008).,Y,n/a,,Accepted/Standard,0,N,N
Y,Vitis cinerea,Vitis cinerea (Engelm.) Millardet,Vitis,Cinerascentes,Cinerascentes,Small 1933; Wen et al. 2018; Weakley et al. 2022,Vitis cinerea,Pigeon grape,G4,G4,Apparently Secure,"United States (NNR): AL (SNR), AR (SNR), DC (S1), FL (SNR), GA (SNR), IA (S3), IL (SNR), IN (SNR), KS (S3), KY (S4), LA (SNR), MD (S4), MO (SNR), MS (SNR), NE (S1), NM (SNR), NY (SNR), OH (SNR), OK (SNR), SC (SNR), TN (SNR), TX (SNR), WI (SNR), WV (SNR) Mexico?",Vitis cinerea,https://docs.google.com/document/d/1bIDHOwHEA6dBn2GHTlU5Cp7k-fWMG0B_/edit#heading=h.4d34og8,https://explorer.natureserve.org/Taxon/ELEMENT_GLOBAL.2.140451/Vitis_cinerea,PDVIT04082,Vitis cinerea,"Vitis cinerea var. cinerea, Vitis cinerea var. tomentosa","Vitis cinerea var. baileyana, Vitis baileyana, Vitis cinerea var. helleri, Vitis berlandieri, Vitis cinerea var. floridana, Vitis simpsonii",cinerea,Kartesz 1994 (as var. cinerea). Sci name ref = Weakley,Equal to Vitis cinerea var. cinerea,"This record is for Vitis cinerea in the narrow sense. Kartesz (1994) and Flora of North America (FNA 2016) recognize four varieties in Vitis cinerea including Vitis cinerea var. floridana (Vitis simpsonii), Vitis cinerea var. baileyana (Vitis baileyana), Vitis cinerea var. cinerea (Vitis cinerea), and Vitis cinerea var. helleri (Vitis berlandieri). These varieties were recognized as species by Small (1933) and their elevated status is supported by recent research (Wen et al. 2018) and in the treatment by Weakley and the Southeastern Flora Team (2022). Flora of North America (FNA 2016) considers Vitis cinerea var. tomentosa endemic to Northeastern Mexico; however, it is extralimital to their treatment. This record of Vitis cinerea excludes var. tomentosa material until there is clarification on its taxonomic placement.",Y,n/a,,Accepted/Standard,2,Y,N
Y,Vitis cinerea var. cinerea,Vitis cinerea (Engelm.) Millardet var. cinerea,Vitis,Cinerascentes,Cinerascentes,"if var. tomentosa below is treated then var. cinerea will need to be as well, though Jun notes its a transitional taxonomy since a new species will be described",,,,,,,,,,,,,,,,,,,,,,0,,
Y,Vitis cinerea var. tomentosa,Vitis cinerea (Engelm.) Millardet var. tomentosa (Planch.) Comeaux,Vitis,Cinerascentes,,Talavera et al. 2023. Will be renamed by Jun as Vitis gerrathiana eventually,,,,,,,,,,,Vitis cinerea var. tomentosa,,,,,extralimital,,,,,,0,,
Y,Vitis girdiana,Vitis girdiana Munson,Vitis,Occidentales,Rupestres,,Vitis girdiana,Valley grape,G4G5,G4,Apparently Secure,"United States (NNR): AZ (SNR), CA (SNR), NV (SNR), UT (SNR)  MEXICO",Vitis girdiana,https://docs.google.com/document/d/1bIDHOwHEA6dBn2GHTlU5Cp7k-fWMG0B_/edit#heading=h.2s8eyo1,https://explorer.natureserve.org/Taxon/ELEMENT_GLOBAL.2.146835/Vitis_girdiana,PDVIT04090,Vitis girdiana,,Vitis californica,californica-girdiana-arizonica,Kartesz 1994,Equal,"Vitis girdiana is distinct from Vitis californica according to phylogenetic data; however, the two species are suspected to intergrade or hybridize where their ranges overlap (Wada 2008). Vitis girdiana is also suspected to hybridize with the non-native V. vinifera (Wada 2008).",Y,n/a,,Accepted/Standard,0,N,N
Y,Vitis jaegeriana,Vitis jaegeriana Comeaux,Vitis,Occidentales,Rupestres,"""pretty good species"" Wen email 2/11/25",,,,,,Mexico,,,,,Vitis jaegeriana,,,,,extralimital,,,,new addition - data from GBIF,,0,,
Y,Vitis labrusca,Vitis labrusca L.,Vitis,Labruscae,Labruascae,,Vitis labrusca,Northern fox grape,G5,G5,Secure,"Canada (N1): NB (SNA), NS (SNA), ON (S1); United States (N5): AL (SNR), AR (SNR), CT (SNR), DC (SNR), DE (S4), FL (SNR), GA (SNR), IL (SNA), IN (SNR), KY (S2), MA (SNR), MD (SNR), ME (SNR), MI (SNR), MO (SNR), MS (SNR), NC (S4), NH (SNR), NJ (S5), NY (S5), OH (S3), PA (S5), RI (SNR), SC (S4), TN (SNR), UT (SNR), VA (S5), VT (SNR), WV (S5)",Vitis labrusca,https://docs.google.com/document/d/1bIDHOwHEA6dBn2GHTlU5Cp7k-fWMG0B_/edit#heading=h.17dp8vu,https://explorer.natureserve.org/Taxon/ELEMENT_GLOBAL.2.131865/Vitis_labrusca,PDVIT040B0,Vitis labrusca,,,n/a,Kartesz 1994,Equal,"While Vitis labrusca is considered a distinct taxon (Flora of North America 2016), certain accessions sampled from Virginia and Connecticut populations may not belong to the V. labrusca clade, based on molecular data. Further work is needed to determine if these populations represent species other than V. labrusca (Wen et al. 2018). Vitis labrusca hybridizes with V. riparia, resulting in Vitis x novae-angliae (Walker et al. 2019).",Y,n/a,,Accepted/Standard,0,N,N
Y,Vitis lincecumii,Vitis lincecumii Buckley,Vitis,Aestivales,Aestivales,Talavera et al. 2023,Vitis lincecumii,Summer grape,G4,G4,Apparently Secure,"United States (NNR): AR (S1), LA (SNR), OK (SNR), TX (SNR)",Vitis lincecumii,https://docs.google.com/document/d/1bIDHOwHEA6dBn2GHTlU5Cp7k-fWMG0B_/edit#heading=h.3rdcrjn,https://explorer.natureserve.org/Taxon/ELEMENT_GLOBAL.2.160794/Vitis_lincecumii,PDVIT04023,Vitis lincecumii,"Vitis aestivalis var. lincecumii, Vitis linsecomii",,aestivalis,Weakley 2023,n/a (broader),"Vitis aestivalis var. lincecumii is treated at the species level (Vitis lincecumii) by Weakley et al. (2023), supported by research from Wen et al. (2018) and Talavera et al. (2023). It was originally named Vitis linsecomii by Buckley in 1862 for Dr. Gideon Lincecum. The spelling of the scientific name was later corrected to lincecumii. Munson recognized two varieties under species lincecumii: var. glauca and the typical variety (1909).",Y,n/a,,Accepted/Standard,0,Y,N
Y,Vitis martineziana,Vitis martineziana J. Wen.,Rojovitis,NA,NA,Wen at al. 2025,,Martinez's grape,,,,Mexico (Chiapas),,,,,Vitis martineziana,,,,,extralimital,,,,new addition - add data from Jun's spreadsheet (new_vitis_occurances_updated-2025-02-04),,0,,
Y,Vitis monticola,Vitis monticola Buckley,Vitis,Labruscae,Rupestres,,Vitis monticola,Sweet mountain grape,G4,G4,Apparently Secure,United States (N4): TX (S4),Vitis monticola,https://docs.google.com/document/d/1bIDHOwHEA6dBn2GHTlU5Cp7k-fWMG0B_/edit#heading=h.26in1rg,https://explorer.natureserve.org/Taxon/ELEMENT_GLOBAL.2.154265/Vitis_monticola,PDVIT040C0,Vitis monticola,Vitis aestivalis var. monticola,"Vitis arizonica, Vitis monticola subsp. Arizonica",n/a,Kartesz 1994,Equal,This narrow treatment of Vitis monticola excludes what has been treated as V. monticola ssp. arizonica as a distinct species.,Y,n/a,,Accepted/Standard,0,N,N
Y,Vitis munsoniana,Vitis munsoniana J. H. Simpson ex Planch.,Muscadinia,NA,NA,Wen email 2/28; upcoming paper in PPP; Wen at al. 2025,Vitis rotundifolia var. munsoniana,Munson's grape,G5T4,T4,Apparently Secure,"United States (NNR): AL (S1), FL (SNR), GA (S2)",Vitis rotundifolia var. munsoniana,https://docs.google.com/document/d/1bIDHOwHEA6dBn2GHTlU5Cp7k-fWMG0B_/edit#heading=h.2jxsxqh,https://explorer.natureserve.org/Taxon/ELEMENT_GLOBAL.2.148764/Vitis_rotundifolia_var_munsoniana,PDVIT040H2,Vitis munsoniana,"Vitis munsoniana, Muscadinia munsoniana, Vitis rotundifolia var. pygmaea","Vitis rotundifolia, Vitis rotundifolia var. rotundifolia",rotundifolia,Kartesz 1994,Equal,"This taxon represents the broad circumscription of Vitis rotundifolia var. munsoniana, as described in Flora of North America (2016). It includes material associated with var. pygmaea, which is recognized as distinct by some sources (Ward 2006, Weakley et al. 2011). According to Flora of North America (2016), the morphological characteristics distinguishing varieties munsoniana and pygmaea intergrade so the two taxa are not distinct.",Y,n/a,,Accepted/Standard,0,Y,N
Y,Vitis mustangensis,Vitis mustangensis Buckley,Vitis,Labruscae,Coriaceae,,Vitis mustangensis,Mustang grape,G4G5,G4,Apparently Secure,"United States (N4): AL (S1), LA (SNR), MS (SNR), OK (S2), TX (SNR)",Vitis mustangensis,https://docs.google.com/document/d/1bIDHOwHEA6dBn2GHTlU5Cp7k-fWMG0B_/edit#heading=h.lnxbz9,https://explorer.natureserve.org/Taxon/ELEMENT_GLOBAL.2.152401/Vitis_mustangensis,PDVIT040D0,Vitis mustangensis,"Vitis candicans var. diversa, Vitis candicans",,n/a,Kartesz 1994,Equal,"According to Wen (2018), Vitis mustangensis may have hybridized with other Vitis species where they overlap in the same geographic area. Vitis mustangensis hybridized with V. acerifolia to produce the hybrid V. x doaniana (Flora of North America 2016).",Y,n/a,,Accepted/Standard,0,N,N
Y,Vitis nesbittiana,Vitis nesbittiana Comeaux,Vitis,Aestivales,,SummaryTable_run20241212 ok'd by Jun 2/11/25,Vitis nesbittiana,,,,,Mexico,,,,,Vitis nesbittiana,,n/a,,,extralimital,,N,Geographical (Mexico endemic),,,0,n/a,
Y,Vitis novogranatensis,Vitis novogranatensis Moldenke,Vitis,,Cinerascentes,June 2025_8,,,,,,Colombia,,,,,Vitis novogranatensis,,,,,,,N,Geographical (Colombia endemic),,,,,
Y,Vitis palmata,Vitis palmata Vahl,Vitis,Vulpinae,Rubrae,,Vitis palmata,Catbird grape,G4,G4,Apparently Secure,"United States (N4): AL (SNR), AR (SNR), FL (SNR), GA (SH), IA (SNR), IL (SNR), IN (S3), KY (S5), LA (SNR), MO (SNR), MS (SNR), NJ (SNR), NY (SNA), OK (SNR), TN (SNR), TX (SNR), VA (SNR)",Vitis palmata,https://docs.google.com/document/d/1bIDHOwHEA6dBn2GHTlU5Cp7k-fWMG0B_/edit#heading=h.35nkun2,https://explorer.natureserve.org/Taxon/ELEMENT_GLOBAL.2.154642/Vitis_palmata,PDVIT040F0,Vitis palmata,Vitis rubra,,n/a,Kartesz 1994,Equal,"From FNA: Reports of Vitis palmata from Virginia (for example, in A. S. Weakley et al. 2012) appear to be based on misidentified material of V. vulpina with somewhat lobed leaves.",Y,n/a,,Accepted/Standard,0,N,N
Y,Vitis peninsularis,Vitis peninsularis M. E. Jones,Vitis,Cinerascentes,Rupestres,SummaryTable_run20241212 ok'd by Jun 2/11/25,Vitis peninsularis,Peninsular grape,,,,Mexico,,,,,Vitis peninsularis,,n/a,,,extralimital,,N,Geographical (Mexico endemic),,,0,n/a,
Y,Vitis popenoei,Vitis popenoei J. H. Fennel,Muscadinia,NA,NA,Wen email 2/28; upcoming paper in PPP; Wen at al. 2025,Vitis popenoei,Totoloche,,,,"Mexico, Belize, Guatemala",,,,,Vitis popenoei,,n/a,,,extralimital,,N,Geographical (Mexico endemic),,,0,n/a,
Y,Vitis riparia,Vitis riparia Michx.,Vitis,Precoces,Rupestres,,Vitis riparia,Riverbank grape,G5,G5,Secure,"Canada (N5): BC (SNA), MB (S3), NB (S4), NS (SNA), ON (S5), PE (SNA), QC (S4), SK (SNA); United States (N5): AL (SNR), AR (SNR), CO (SNR), CT (SNR), DC (SNR), GA (SNR), IA (S5), IL (SNR), IN (S5), KS (S5), KY (S5), LA (SNR), MA (SNR), MD (SNR), ME (SNR), MI (SNR), MN (SNR), MO (SNR), MS (SNR), MT (S3), NC (SNR), ND (SNR), NE (SNR), NH (SNR), NJ (S3), NM (SNR), NY (S5), OH (SNR), OK (SNR), OR (SNA), PA (S5), RI (SNR), SC (SNR), SD (SNR), TN (SNR), TX (SNR), VA (S5), VT (SNR), WI (SNR), WV (S5), WY (S3)",Vitis riparia,https://docs.google.com/document/d/1bIDHOwHEA6dBn2GHTlU5Cp7k-fWMG0B_/edit#heading=h.1ksv4uv,https://explorer.natureserve.org/Taxon/ELEMENT_GLOBAL.2.144801/Vitis_riparia,PDVIT040G0,Vitis riparia,"Vitis riparia var. syrticola, Vitis riparia var. praecox, Vitis cordifolia var. riparia, Vitis vulpina subsp. riparia, Vitis vulpina var. syrticola",,n/a,Kartesz 1994,Equal,"Flora of North America (2016) does not recognize varieties or subspecies of Vitis riparia. Specifically, plants recognized as V. riparia var. syrticola (found on dunes around the Great Lakes, see Catling and Mitrow 2005) were found to be synonymous with V. riparia because the variation in leaf hairiness is continuous rather than distinct (Flora of North America 2016). Additional varieties and subspecies have been recognized in the past, including var. praecox, but none are considered distinct by Flora of North America (2016) and most local floras. Vitis riparia naturally hybridizes with other Vitis species and is thought to be one of the parents of of Vitis x novae-angliae with V. labrusca (Flora of North America 2016, Wen et al. 2018).",Y,n/a,,Accepted/Standard,0,N,N
Y,Vitis rotundifolia,Vitis rotundifolia Michx.,Muscadinia,NA,NA,,Vitis rotundifolia,Muscadine grape,G5,G5,Secure,"United States (N5): AL (SNR), AR (SNR), DE (S4), FL (SNR), GA (S5), IN (SNR), KY (SNR), LA (SNR), MD (S4), MO (SNR), MS (SNR), NC (S5), OK (SNR), SC (SNR), TN (SNR), TX (SNR), VA (S5), WV (S1)",Vitis rotundifolia,https://docs.google.com/document/d/1bIDHOwHEA6dBn2GHTlU5Cp7k-fWMG0B_/edit#heading=h.44sinio,https://explorer.natureserve.org/Taxon/ELEMENT_GLOBAL.2.132816/Vitis_rotundifolia,PDVIT040H0,Vitis rotundifolia,"Muscadinia rotundifolia, Vitis rotundifolia var. rotundifolia",,rotundifolia,Kartesz 1994,Equal,"There are two commonly recognized subgenera in the Grape Family (Vitaceae). The subgenus Vitis, includes the majority of species in the family. The subgenus Muscadinia includes two species: Vitis rotundifolia, including its varieties, and Vitis popenei (Flora of North America 2016). Some authors (e.g., Weakley et al. 2020) elevate subgenus Muscadinia to the rank of genus (Wen et al. 2018). Subgenus Muscadinia differs from subgenus Vitis in having simple tendrils, larger fruits, seeds with longer ventral infolds, and 40 chromosomes rather than 38 (Wen et al. 2018).",Y,n/a,,Accepted/Standard,2 or 3,Y,N
Y,Vitis rubriflora,Vitis rubriflora J. Wen,Rojovitis,NA,NA,Wen at al. 2025,,,,,,Mexico (Jalisco),,,,,Vitis rubriflora,,,,,extralimital,,,,new addition - add data from Jun's spreadsheet (new_vitis_occurances_updated-2025-02-04),,0,,
Y,Vitis rufotomentosa,Vitis rufotomentosa Small,Vitis,Aestivales,,Talavera et al. 2023,Vitis rufotomentosa,Rusty grape,G3G4,G3,Vulnerable,"United States (NNR): FL (SNR), NC (SNR)",Vitis rufotomentosa,https://docs.google.com/document/d/1bIDHOwHEA6dBn2GHTlU5Cp7k-fWMG0B_/edit#heading=h.1y810tw,https://explorer.natureserve.org/Taxon/ELEMENT_GLOBAL.2.1234029/Vitis_rufotomentosa,PDVIT040X0,Vitis rufotomentosa,,Vitis aestivalis,aestivalis,Weakley 2023,n/a (broader),"Vitis rufotomentosa is a included as a synonym of Vitis aestivalis in FNA (2016) and Kartesz (1994, 1999). Weakley et al. (2022) recognize this species as distinct from V. aestivalis.",Y,n/a,,Accepted/Standard,0,,N
Y,Vitis rupestris,Vitis rupestris Scheele,Vitis,Precoces,Rupestres,,Vitis rupestris,Rock grape,G3,G3,Vulnerable,"United States (N3): AR (S1), CA (SNA), DC (S1), IN (S1), KY (S2), MD (S1), MO (S3), OK (S2), PA (S1), TN (S1), TX (S1), VA (S1), WV (S2)",Vitis rupestris,https://docs.google.com/document/d/1bIDHOwHEA6dBn2GHTlU5Cp7k-fWMG0B_/edit#heading=h.4i7ojhp,https://explorer.natureserve.org/Taxon/ELEMENT_GLOBAL.2.154710/Vitis_rupestris,PDVIT040J0,Vitis rupestris,,,n/a,Kartesz 1994,Equal,"Vitis rupestris is a distinctive upright grape, not vining, yet easily confused with unusual individuals of some other species. It occasionally hybridizes with other co-occurring species of native grapes (as in the Potomac River Gorge).",Y,n/a,,Accepted/Standard,0,N,N
Y,Vitis shuttleworthii,Vitis shuttleworthii House,Vitis,Labruscae,Coriaceae,,Vitis shuttleworthii,Shuttleworth's grape,G4,G4,Apparently Secure,"United States (N4): AL (SNA), FL (S4)",Vitis shuttleworthii,https://docs.google.com/document/d/1bIDHOwHEA6dBn2GHTlU5Cp7k-fWMG0B_/edit#heading=h.2xcytpi,https://explorer.natureserve.org/Taxon/ELEMENT_GLOBAL.2.156866/Vitis_shuttleworthii,PDVIT040K0,Vitis shuttleworthii,Vitis candicans var. coriacea,,n/a,Kartesz 1994,Equal,,Y,n/a,,Accepted/Standard,0,N,N
Y,Vitis simpsonii,Vitis simpsonii Munson,Vitis,Cinerascentes,Cinerascentes,Small 1933; Wen et al. 2018; Weakley et al. 2022,Vitis simpsonii,Curtis' grape,G4,G4,Apparently Secure,"United States (NNR): AL (SNR), AR (SNR), FL (S5), GA (SNR), MS (SNR), NC (SNR), SC (SNR), VA (SU)",Vitis simpsonii,https://docs.google.com/document/d/1bIDHOwHEA6dBn2GHTlU5Cp7k-fWMG0B_/edit#heading=h.1ci93xb,https://explorer.natureserve.org/Taxon/ELEMENT_GLOBAL.2.150306/Vitis_simpsonii,PDVIT04083,Vitis simpsonii,Vitis cinerea var. floridana,,cinerea,Weakley 2023,Equal to Vitis cinerea var. floridana,"Kartesz (1994) and FNA (2016) recognize four varieties in Vitis cinerea including Vitis cinerea var. floridana (Vitis simpsonii), Vitis cinerea var. baileyana (Vitis baileyana), Vitis cinerea var. cinerea (Vitis cinerea), and Vitis cinerea var. helleri (Vitis berlandieri). These varieties were recognized as species by Small (1933) and their elevated status is supported by recent research (Wen et al. 2018) and in the treatment by Weakley and Southeastern Flora Team (2022).

Vitis simpsonii was thought to intergrade with V. baileyana at the edge of the Piedmont along the fall line (Flora of North America 2016); however, Talavera et al. (2023) found no evidence of introgression between these two taxa.",Y,n/a,,Accepted/Standard,0,,N
Y,Vitis tiliifolia,Vitis tiliifolia Humb. & Bonpl. ex Willd.,Vitis,Cinerascentes,Cinerascentes,,not on that download due to not in FNA,Caribbean grape,,,,"Central America to South America according to Wen et al. 2018 (Colombia, Ecuador, Venezuela) and in the Caribbean",,,,,Vitis tiliafolia,,,,,,,,,,,0,,
Y,Vitis vulpina,Vitis vulpina L.,Vitis,Vulpinae,Cinerascentes,,Vitis vulpina,Winter grape,G5,G5,Secure,"Canada (N1): ON (S1); United States (N5): AL (SNR), AR (SNR), DC (SNR), DE (S4), FL (SNR), GA (SNR), IA (SU), IL (SNR), IN (SNR), KS (S3), KY (S5), LA (SNR), MA (SNR), MD (SNR), MI (S1), MN (SNR), MO (SNR), MS (SNR), NC (SNR), NE (S1), NJ (S4), NM (SNR), NY (S1), OH (SNR), OK (SNR), PA (S5), SC (S4), SD (SNR), TN (SNR), TX (SNR), VA (S5), WV (S5)",Vitis vulpina,https://docs.google.com/document/d/1bIDHOwHEA6dBn2GHTlU5Cp7k-fWMG0B_/edit#heading=h.2bn6wsx,https://explorer.natureserve.org/Taxon/ELEMENT_GLOBAL.2.147954/Vitis_vulpina,PDVIT040Q0,Vitis vulpina,Vitis cordifolia; V. cordifolia var. sempervirens,"Vitis vulpina subsp. riparia, Vitis vulpina var. syrticola",n/a,Kartesz 1994,Equal,,Y,n/a,,Accepted/Standard,0,N,N
Y,Vitis x champinii,Vitis ×champinii Planch.,Vitis,Labruscae,inter-series hybrid,natural hybrid impt for viticulture,Vitis x champinii,Champin's grape,GNA,GNA,Not Applicable,United States (NNA): TX (SNA),Vitis x champinii,https://docs.google.com/document/d/1bIDHOwHEA6dBn2GHTlU5Cp7k-fWMG0B_/edit#heading=h.qsh70q,https://explorer.natureserve.org/Taxon/ELEMENT_GLOBAL.2.1280212/Vitis_x_champinii,PDVIT040Y0,Vitis x champinii,"Vitis champinii, Vitis xchampinii",,hybrid,FNA,Equal,Vitis x champinii is a natural hybrid with its parentage attributed to V. mustangensis and V. rupestris according to Flora of North America (2016). Zecca et al. (2023) indicate that the origin of the species is disputed and that V. monticola and V. berlandieri could also contribute to parentage of this hybrid.,Y,n/a,,Accepted/Standard,0,Y,N
Y,Vitis x doaniana,Vitis ×doaniana Munson ex Viala,Vitis,Labruscae,inter-series hybrid,natural hybrid impt for viticulture,Vitis x doaniana,Doan's grape,GNA,GNA,Not Applicable,"United States (NNA): OK (SNA), TX (SNA)",Vitis Vitis x doaniana,https://docs.google.com/document/d/1bIDHOwHEA6dBn2GHTlU5Cp7k-fWMG0B_/edit#heading=h.3as4poj,https://explorer.natureserve.org/Taxon/ELEMENT_GLOBAL.2.1280215/Vitis_x_doaniana,PDVIT040Z0,Vitis x doaniana,"Vitis doaniana, Vitis xdoaniana",,hybrid,FNA,Equal,"Vitis x doaniana is considered a hybrid between V. acerifolia and V. mustangensis by Flora of North America (2016), confirmed by Zecca et al. (2020). However, Zecca et al. (2020) indicate that Vitis rupestris also contributes to the the origin of Vitis x doaniana, suggesting a more complex origin for this hybrid taxon.",Y,n/a,,Accepted/Standard,0,Y,N
Y,Vitis x novae-angliae,Vitis ×novae-angliae Fernald,Vitis,,inter-series hybrid,natural hybrid,Vitis x novae-angliae,New England grape,GNA,GNA,Not Applicable,"Canada (NNA): ON (SNA); United States (NNR): CT (SU), MA (SNA), ME (SNA), NH (SNA), NJ (SNA), NY (SNA), RI (SNR), VT (SNA)",Vitis Vitis x novae-angliae,https://docs.google.com/document/d/1bIDHOwHEA6dBn2GHTlU5Cp7k-fWMG0B_/edit#heading=h.1pxezwc,https://explorer.natureserve.org/Taxon/ELEMENT_GLOBAL.2.146874/Vitis_x_novae-angliae,PDVIT040W0,Vitis x novae-angliae,"Vitis novae-angliae, Vitis xnovae-angliae",,hybrid,Kartesz 1994,Equal,"Vitis x novae-angliae is a naturally occurring hybrid that is sometimes treated as a species (Fernald 1917). Flora of North America (2016), Kartesz (1994), and Kartesz (1999) treat this taxon as a hybrid. The putative parent species were identified as Vitis labrusca and V. riparia by Moore (1991) and confirmed by Zecca et al. (2020).",Y,n/a,,Accepted/Standard,0,Y,N
