species,publicationRecords,round2Records,netChange,removedTaxonomy,addedTaxonomy,coordsRemoved,coordsAdded,germplasmRemoved,germplasmAdded,otherRemoved,otherAdded,namesRemoved,namesAdded,removedNames,addedNames,namesNeedingDecision
Vitis cinerea,5341,4459,-882,882,0,386,0,46,0,0,0,Vitis berlandieri Planch.; Vitis baileyana Munson; Vitis simpsonii Munson; Vitis berlandieri var. tomentosa Planch.; Vitis aestivalis var. cinerea Engelm.; Vitis helleri (L.H.Bailey) Small; Vitis sola L.H.Bailey; Vitis virginiana Munson; Vitis austrina Small; Vitis canescens G.Nicholson,NA,Vitis berlandieri Planch. (627 -> Vitis berlandieri); Vitis baileyana Munson (123 -> Vitis baileyana); Vitis simpsonii Munson (95 -> Vitis simpsonii); Vitis berlandieri var. tomentosa Planch. (11 -> no project concept (excluded)); Vitis aestivalis var. cinerea Engelm. (8 -> no project concept (excluded)); Vitis helleri (L.H.Bailey) Small (8 -> no project concept (excluded)); Vitis sola L.H.Bailey (3 -> no project concept (excluded)); Vitis virginiana Munson (3 -> no project concept (excluded)); Vitis austrina Small (2 -> no project concept (excluded)); Vitis canescens G.Nicholson (2 -> no project concept (excluded)),NA,Vitis berlandieri var. tomentosa Planch. (11); Vitis aestivalis var. cinerea Engelm. (8); Vitis helleri (L.H.Bailey) Small (8); Vitis sola L.H.Bailey (3); Vitis virginiana Munson (3); Vitis austrina Small (2); Vitis canescens G.Nicholson (2)
Vitis berlandieri,736,1357,621,6,627,2,269,0,44,0,0,Vitis cordifolia var. helleri L.H.Bailey,Vitis berlandieri Planch.,Vitis cordifolia var. helleri L.H.Bailey (6 -> no project concept (excluded)),Vitis berlandieri Planch. (627 <- Vitis cinerea),Vitis cordifolia var. helleri L.H.Bailey (6)
Vitis aestivalis,12877,12556,-321,327,6,62,1,9,0,0,0,Vitis lincecumii Buckley; Vitis linsecomii Buckley; Vitis bicolor Raf.; Vitis bicolor Leconte; Vitis rufotomentosa Small; Vitis bicolor J.Le Conte; Vitis smalliana L.H.Bailey; Vitis araneosa J.Le Conte; Vitis bourquiniana Munson; Vitis × slavinii Rehder; Vitis intermedia Muhl.; Vitis lecontiana House; Vitis americana W.Bartram; Vitis labrusca var. aestivalis (Michx.) Regel,Vitis aestivalis Michx. x V. vulpina L.,Vitis lincecumii Buckley (93 -> Vitis lincecumii); Vitis linsecomii Buckley (71 -> Vitis lincecumii); Vitis bicolor Raf. (35 -> no project concept (excluded)); Vitis bicolor Leconte (27 -> no project concept (excluded)); Vitis rufotomentosa Small (26 -> Vitis rufotomentosa); Vitis bicolor J.Le Conte (25 -> no project concept (excluded)); Vitis smalliana L.H.Bailey (19 -> no project concept (excluded)); Vitis araneosa J.Le Conte (11 -> no project concept (excluded)); Vitis bourquiniana Munson (9 -> no project concept (excluded)); Vitis × slavinii Rehder (5 -> no project concept (excluded)); Vitis intermedia Muhl. (2 -> no project concept (excluded)); Vitis lecontiana House (2 -> no project concept (excluded)); Vitis americana W.Bartram (1 -> no project concept (excluded)); Vitis labrusca var. aestivalis (Michx.) Regel (1 -> no project concept (excluded)),Vitis L. (6 <- not in the published dataset),Vitis bicolor Raf. (35); Vitis bicolor Leconte (27); Vitis bicolor J.Le Conte (25); Vitis smalliana L.H.Bailey (19); Vitis araneosa J.Le Conte (11); Vitis bourquiniana Munson (9); Vitis × slavinii Rehder (5); Vitis intermedia Muhl. (2); Vitis lecontiana House (2); Vitis americana W.Bartram (1); Vitis labrusca var. aestivalis (Michx.) Regel (1)
Vitis munsoniana,22,265,243,0,243,0,92,0,0,0,0,NA,Vitis munsoniana Simpson ex Munson; Muscadinia munsoniana (J.H.Simpson ex Munson) Small; Vitis munsoniana J.H.Simpson; Vitis munsoniana J.H.Simpson ex Planch.,NA,Vitis munsoniana Simpson ex Munson (108 <- Vitis rotundifolia); Muscadinia munsoniana (J.H.Simpson ex Munson) Small (49 <- Vitis rotundifolia); Vitis munsoniana J.H.Simpson (43 <- Vitis rotundifolia); Vitis munsoniana J.H.Simpson ex Planch. (43 <- Vitis rotundifolia),NA
Vitis rotundifolia,27551,27309,-242,243,1,92,0,0,1,0,0,Vitis munsoniana Simpson ex Munson; Muscadinia munsoniana (J.H.Simpson ex Munson) Small; Vitis munsoniana J.H.Simpson; Vitis munsoniana J.H.Simpson ex Planch.,Muscadinia rotundifolia cv. Yuga x Carlos,Vitis munsoniana Simpson ex Munson (108 -> Vitis munsoniana); Muscadinia munsoniana (J.H.Simpson ex Munson) Small (49 -> Vitis munsoniana); Vitis munsoniana J.H.Simpson (43 -> Vitis munsoniana); Vitis munsoniana J.H.Simpson ex Planch. (43 -> Vitis munsoniana),Vitis L. (1 <- not in the published dataset),NA
Vitis vulpina,7588,7765,177,5,182,0,18,0,25,0,0,Vitis pullaria J.Le Conte,Vitis cordifolia Lam.; Vitis cordifolia; Vitis cordifolia var. sempervirens Munson,Vitis pullaria J.Le Conte (5 -> no project concept (excluded)),Vitis cordifolia Lam. (162 <- not in the published dataset); Vitis cordifolia (17 <- not in the published dataset); Vitis cordifolia (2 <- not in the published dataset); Vitis cordifolia var. sempervirens Munson (1 <- not in the published dataset),Vitis pullaria J.Le Conte (5)
Vitis lincecumii,168,332,164,0,164,0,17,0,7,0,0,NA,Vitis lincecumii Buckley; Vitis linsecomii Buckley,NA,Vitis lincecumii Buckley (93 <- Vitis aestivalis); Vitis linsecomii Buckley (71 <- Vitis aestivalis),NA
Vitis baileyana,531,654,123,0,123,0,48,0,2,0,0,NA,Vitis baileyana Munson,NA,Vitis baileyana Munson (123 <- Vitis cinerea),NA
Vitis labrusca,5345,5235,-110,111,1,72,0,0,0,0,0,Vitis × labruscana L.H.Bailey; Vitis latifolia Raf.; Vitis catawba K.Koch; Vitis blanda Raf.; Vitis labrusca f. alba (Prince) Fernald; Vitis obovata Raf.,Vitis labrusca L. x Vitis riparia Michx.,Vitis × labruscana L.H.Bailey (98 -> no project concept (excluded)); Vitis latifolia Raf. (8 -> no project concept (excluded)); Vitis catawba K.Koch (2 -> no project concept (excluded)); Vitis blanda Raf. (1 -> no project concept (excluded)); Vitis labrusca f. alba (Prince) Fernald (1 -> no project concept (excluded)); Vitis obovata Raf. (1 -> no project concept (excluded)),Vitis L. (1 <- not in the published dataset),Vitis × labruscana L.H.Bailey (98); Vitis latifolia Raf. (8); Vitis catawba K.Koch (2); Vitis blanda Raf. (1); Vitis labrusca f. alba (Prince) Fernald (1); Vitis obovata Raf. (1)
Vitis simpsonii,913,1008,95,0,95,0,56,0,0,0,0,NA,Vitis simpsonii Munson,NA,Vitis simpsonii Munson (95 <- Vitis cinerea),NA
Vitis tiliifolia,3912,3996,84,87,0,23,0,0,0,66,245,Vitis caribaea DC.; Vitis arachnoidea Oerst.; Vitis acuminata Oerst.,NA,Vitis caribaea DC. (84 -> no project concept (excluded)); Vitis arachnoidea Oerst. (2 -> no project concept (excluded)); Vitis acuminata Oerst. (1 -> no project concept (excluded)),NA,Vitis caribaea DC. (84); Vitis arachnoidea Oerst. (2); Vitis acuminata Oerst. (1)
Vitis x champinii,126,192,66,0,66,0,5,0,0,0,0,NA,Vitis xchampinii,NA,Vitis L. (66 <- not in the published dataset),NA
Vitis rufotomentosa,2,42,40,0,40,0,20,0,0,0,0,NA,Vitis rufotomentosa Small; Vitis rufotomentosa,NA,Vitis rufotomentosa Small (26 <- Vitis aestivalis); Vitis L. (14 <- not in the published dataset),NA
Vitis shuttleworthii,973,937,-36,36,0,0,0,0,0,0,0,Vitis coriacea Shuttlew. ex Planch.,NA,Vitis coriacea Shuttlew. ex Planch. (36 -> no project concept (excluded)),NA,Vitis coriacea Shuttlew. ex Planch. (36)
Vitis popenoei,227,203,-24,22,0,3,0,0,0,0,1,Muscadinia popenoei (J.L.Fennell) Weakley & Gandhi,NA,Muscadinia popenoei (J.L.Fennell) Weakley & Gandhi (22 -> no project concept (excluded)),NA,Muscadinia popenoei (J.L.Fennell) Weakley & Gandhi (22)
Vitis x novae-angliae,277,300,23,0,23,0,5,0,0,0,0,NA,Vitis xnovae-angliae,NA,Vitis L. (23 <- not in the published dataset),NA
Vitis riparia,17546,17530,-16,18,3,2,1,0,0,1,0,Vitis incisa Jacq.; Vitis odoratissima Donn; Vitis vulpina var. praecox (Engelm. ex L.H.Bailey) L.H.Bailey,Vitis vulpina subsp. riparia (Michx.) R.T.Clausen,Vitis incisa Jacq. (10 -> no project concept (excluded)); Vitis odoratissima Donn (6 -> no project concept (excluded)); Vitis vulpina var. praecox (Engelm. ex L.H.Bailey) L.H.Bailey (2 -> no project concept (excluded)),Vitis vulpina subsp. riparia (Michx.) R.T.Clausen (3 <- not in the published dataset),Vitis incisa Jacq. (10); Vitis odoratissima Donn (6); Vitis vulpina var. praecox (Engelm. ex L.H.Bailey) L.H.Bailey (2)
Vitis x doaniana,106,118,12,0,12,0,3,0,0,0,0,NA,Vitis xdoaniana,NA,Vitis L. (12 <- not in the published dataset),NA
Vitis cinerea var. tomentosa,11,0,-11,11,0,11,0,0,0,0,0,Vitis berlandieri var. tomentosa Planch.,NA,Vitis berlandieri var. tomentosa Planch. (11 -> no project concept (excluded)),NA,Vitis berlandieri var. tomentosa Planch. (11)
Vitis aestivalis var. bicolor,1412,1421,9,0,9,0,2,0,0,0,0,NA,Vitis argentifolia Munson ex L.H.Bailey,NA,Vitis argentifolia Munson ex L.H.Bailey (9 <- Vitis aestivalis),NA
Vitis cinerea var. cinerea,619,611,-8,8,0,0,0,0,0,0,0,Vitis aestivalis var. cinerea Engelm.,NA,Vitis aestivalis var. cinerea Engelm. (8 -> no project concept (excluded)),NA,Vitis aestivalis var. cinerea Engelm. (8)
Vitis acerifolia,855,852,-3,3,0,2,0,0,0,0,0,Vitis novomexicana Lemmon ex Munson,NA,Vitis novomexicana Lemmon ex Munson (3 -> no project concept (excluded)),NA,Vitis novomexicana Lemmon ex Munson (3)
Vitis martineziana,12,14,2,0,2,0,2,0,0,0,0,NA,Vitis martineziana,NA,Vitis L. (2 <- not in the published dataset),NA
Vitis aestivalis var. aestivalis,1569,1568,-1,1,0,0,0,0,0,0,0,Vitis labrusca var. aestivalis (Michx.) Regel,NA,Vitis labrusca var. aestivalis (Michx.) Regel (1 -> no project concept (excluded)),NA,Vitis labrusca var. aestivalis (Michx.) Regel (1)
Vitis girdiana,2519,2518,-1,0,0,0,0,0,0,1,0,NA,NA,NA,NA,NA
Vitis mustangensis,9404,9405,1,0,1,0,0,0,0,0,0,NA,Vitis candicans var. diversa L.H.Bailey,NA,Vitis candicans var. diversa L.H.Bailey (1 <- not in the published dataset),NA
Vitis novogranatensis,1,1,0,0,0,0,0,0,0,1,1,NA,NA,NA,NA,NA
